ts_code,trade_date,open,high,low,close,vol,amount
000001.SH,20251031,3898.307,4025.7048,3800.1055,3954.79,1080931755600.0,16331344179579.0
000001.SH,20250930,3869.7457,3899.9594,3732.8404,3882.7774,1433664951100.0,22670486672504.0
000001.SH,20250829,3568.2608,3888.5985,3547.1629,3857.9274,1361833778600.0,20071889282364.0
000001.SH,20250731,3445.8457,3636.1664,3441.0379,3573.2082,1322882053600.0,15589075763900.0
000001.SH,20250630,3340.0666,3462.752,3340.0666,3444.4256,859510280500.0,10192830617374.0
000001.SH,20250530,3295.2504,3417.3142,3286.9886,3347.4873,776931756800.0,8915755065152.0
000001.SH,20250430,3340.7121,3361.134,3040.6932,3279.0314,952105116900.0,10820728882564.0
000001.SH,20250331,3328.3955,3439.0463,3297.5304,3335.7462,1003498886700.0,12506398217219.0
000001.SH,20250228,3270.1604,3388.7808,3220.2794,3320.8973,973230402000.0,12657259369893.0
000001.SH,20250127,3347.9392,3351.722,3140.9775,3250.6007,763711682700.0,8649227232932.0
000001.SH,20241231,3328.482,3494.8669,3323.0091,3351.763,1293592128600.0,13907904024444.0
000001.SH,20241129,3275.5768,3509.8182,3227.3553,3326.4557,1443980932700.0,16343172786904.0
000001.SH,20241031,3674.4048,3674.4048,3152.8213,3279.8244,1254206040800.0,14322783810800.0
000001.SH,20240930,2832.3499,3358.5883,2689.6952,3336.4974,694997327400.0,6504374089935.0
000001.SH,20240830,2940.12,2947.8768,2815.3829,2842.2142,596594223200.0,5665586709155.0
000001.SH,20240731,2965.2452,3004.987,2865.1493,2938.7493,663558797300.0,6785899379914.0
000001.SH,20240628,3085.9814,3097.2043,2933.3304,2967.4028,570135119100.0,6092488723413.0
000001.SH,20240531,3132.5115,3174.2658,3085.3841,3086.8134,699695866900.0,7429684095610.0
000001.SH,20240430,3049.0207,3123.2876,2995.542,3104.8245,764786214900.0,8115942847990.0
000001.SH,20240329,3013.8229,3090.0513,2984.1201,3041.1669,772070297200.0,8974013160925.0
000001.SH,20240229,2773.4239,3031.4881,2635.0897,3015.1712,656256974100.0,6458329463191.0
000001.SH,20240131,2972.775,2976.2682,2724.1573,2788.5482,692521105900.0,7238957449215.0
000001.SH,20231229,3027.353,3038.9794,2882.0195,2974.9348,605856445100.0,6897411461457.0
000001.SH,20231130,3038.1821,3089.7738,3009.121,3029.6727,649431931500.0,7770721111812.0
000001.SH,20231031,3099.9998,3109.9898,2923.5113,3018.7706,488864707300.0,5696059979491.0
000001.SH,20230928,3126.0234,3177.0603,3078.8007,3110.4753,526138945700.0,6044892084425.0
000001.SH,20230831,3288.7604,3315.0492,3053.0373,3119.8764,771651533000.0,8319036892569.0
000001.SH,20230731,3209.1623,3322.1291,3151.1252,3291.0398,588947228500.0,7296054551945.0
000001.SH,20230630,3196.1547,3276.5522,3144.2484,3202.0623,590465837800.0,7796658897046.0
000001.SH,20230531,3306.4827,3418.9534,3168.5716,3204.5644,705061427300.0,8227347052379.0
000001.SH,20230428,3277.34,3396.1745,3229.4461,3323.2746,671560609300.0,9367173392416.0
000001.SH,20230331,3279.1364,3342.8585,3216.9927,3272.8602,724715520600.0,9143252565647.0
000001.SH,20230228,3262.1961,3308.8279,3223.2581,3279.6053,562745026400.0,7206065814794.0
000001.SH,20230131,3087.513,3310.4903,3073.054,3255.6692,413343223200.0,5283874936333.0
000001.SH,20221230,3187.9899,3226.0817,3031.5358,3089.2579,614033199800.0,7216983454188.0
000001.SH,20221130,2899.4985,3158.5732,2896.7572,3151.3353,686907839800.0,8584437462168.0
000001.SH,20221031,3026.9354,3099.9182,2885.0894,2893.4829,413863340200.0,5445386911565.0
000001.SH,20220930,3196.5367,3278.1659,3021.9309,3024.3905,549015589800.0,6557337143217.0
000001.SH,20220831,3246.6161,3295.9976,3155.1866,3202.1378,705001014700.0,9487514329820.0
000001.SH,20220729,3400.2616,3424.8366,3226.2315,3253.2382,688087025900.0,8770869791692.9
000001.SH,20220630,3179.6949,3417.0085,3160.0399,3398.6161,873938770800.0,10510690071102.3
000001.SH,20220531,3044.8491,3188.6026,2957.3968,3186.4271,674727285100.0,7158448160711.2
000001.SH,20220429,3234.668,3290.2561,2863.6497,3047.0624,747790770000.0,7645060243050.4
000001.SH,20220331,3471.3646,3500.2872,3023.3045,3252.2029,870200597100.0,10054195795953.0
000001.SH,20220228,3407.7621,3500.1471,3390.4578,3462.3064,537725366100.0,6255947199528.0
000001.SH,20220128,3649.151,3651.8924,3356.5558,3361.4397,662572005600.0,8254810301433.0
000001.SH,20211231,3561.886,3708.942,3558.691,3639.775,863871281300.0,10946421261419.0
000001.SH,20211130,3530.396,3602.735,3448.438,3563.887,715132246300.0,10298736916561.0
000001.SH,20211029,3609.087,3625.016,3502.801,3547.336,561816733800.0,7297685057717.0
000001.SH,20210930,3543.866,3723.845,3514.674,3568.167,1072908158400.0,12897806523784.0
000001.SH,20210831,3385.69,3544.094,3367.643,3543.94,894265998400.0,12702370923431.0
000001.SH,20210730,3600.546,3607.705,3312.721,3397.357,790394912200.0,11542100455988.0
000001.SH,20210630,3608.598,3629.29,3503.183,3591.197,668364524800.0,9302425170806.0
000001.SH,20210531,3446.074,3626.358,3384.697,3615.477,580168276500.0,7196232132503.0
000001.SH,20210430,3444.81,3497.121,3373.094,3446.856,569526841600.0,6871377086993.0
000001.SH,20210331,3531.48,3577.622,3328.312,3441.912,744063126300.0,8402503321523.0
000001.SH,20210226,3477.172,3731.687,3465.771,3509.08,484073831700.0,6510008571310.0
000001.SH,20210129,3474.679,3637.1,3446.547,3483.069,663962352900.0,9659809452885.0
000001.SH,20201231,3388.987,3474.918,3325.172,3473.069,644514554300.0,8351828084440.0
000001.SH,20201130,3228.715,3456.737,3209.909,3391.755,568057672500.0,7256434453397.0
000001.SH,20201030,3262.611,3371.086,3219.422,3224.533,303696134800.0,4268415366087.3
000001.SH,20200930,3389.742,3425.629,3202.344,3218.052,490622905000.0,6193724910342.7
000001.SH,20200831,3332.183,3456.721,3263.265,3395.678,735912569800.0,9621174850828.0
000001.SH,20200731,2991.181,3458.791,2984.984,3310.007,1024499525500.0,13240885503095.0
000001.SH,20200630,2871.964,2990.825,2871.964,2984.674,469981968500.0,5733482603571.1
000001.SH,20200529,2831.633,2914.284,2802.465,2852.351,370370726100.0,4488403499144.7
000001.SH,20200430,2743.541,2865.59,2719.904,2860.082,471037919700.0,5066189258964.0
000001.SH,20200331,2899.31,3074.257,2646.805,2750.296,698947474000.0,7504342403227.0
000001.SH,20200228,2716.698,3058.898,2685.269,2880.304,653701708700.0,7556709668651.9
000001.SH,20200123,3066.336,3127.169,2955.346,2976.528,387340424100.0,4461753881403.0
000001.SH,20191231,2874.448,3051.677,2857.32,3050.124,412769491100.0,4416950014848.7
000001.SH,20191129,2924.34,3008.314,2858.581,2871.981,304496168900.0,3357767280328.0
000001.SH,20191031,2905.756,3026.383,2891.539,2929.056,263518111200.0,2973472283905.0
000001.SH,20190930,2886.942,3042.928,2883.682,2905.189,394691554400.0,4558441165907.0
000001.SH,20190830,2920.851,2927.342,2733.924,2886.237,369448176300.0,4262760016981.0
000001.SH,20190731,3024.624,3048.484,2879.69,2932.506,371851528700.0,3992261571980.0
000001.SH,20190628,2901.742,3012.826,2822.185,2978.878,397467749700.0,3846260578723.7
000001.SH,20190531,2984.727,2986.54,2833.036,2898.696,446512659500.0,4317925215105.7
000001.SH,20190430,3111.662,3288.453,3050.026,3078.339,748713308400.0,7562326133210.1
000001.SH,20190329,2954.402,3129.94,2930.835,3090.758,869192544500.0,8300906449480.0
000001.SH,20190228,2597.778,2997.488,2590.554,2940.954,442180830800.0,3816144634586.0
000001.SH,20190131,2497.881,2630.318,2440.907,2584.572,338564070300.0,2804232423673.0
000001.SH,20181228,2647.132,2666.078,2462.845,2493.896,257511939600.0,2236020851029.2
000001.SH,20181130,2617.033,2703.512,2555.322,2588.188,405282329100.0,3352501661924.6
000001.SH,20181031,2768.208,2771.938,2449.197,2602.783,274024211800.0,2449081026761.2
000001.SH,20180928,2716.404,2827.341,2644.296,2821.35,214835895000.0,2152910424910.0
000001.SH,20180831,2882.506,2897.4,2653.112,2725.25,282138901300.0,2872972699430.0
000001.SH,20180731,2841.58,2915.297,2691.021,2876.401,304909513300.0,3259242876270.0
000001.SH,20180629,3084.754,3128.715,2782.381,2847.418,262397937200.0,3100449945780.0
000001.SH,20180531,3087.409,3219.74,3041.0,3095.474,297928909200.0,3810440501200.0
000001.SH,20180427,3169.779,3220.845,3041.625,3082.232,269898545100.0,3372116047972.9
000001.SH,20180330,3235.089,3333.875,3091.458,3168.897,370408412000.0,4396936871009.3
000001.SH,20180228,3478.67,3495.093,3062.743,3259.408,288895945200.0,3262254745964.6
000001.SH,20180131,3314.031,3587.032,3314.031,3480.833,479777123200.0,5772056284434.1
000001.SH,20171229,3315.105,3324.516,3254.178,3307.172,294122685300.0,3628130536862.0
000001.SH,20171130,3393.968,3450.495,3300.781,3317.188,398240047300.0,5136182591483.0
000001.SH,20171031,3403.246,3421.103,3357.276,3393.342,270673954000.0,3406039277370.0
000001.SH,20170929,3365.991,3391.644,3332.599,3348.943,423260969500.0,4940508458901.0
000001.SH,20170831,3274.369,3376.648,3200.748,3360.81,505986305100.0,5543980201022.0
000001.SH,20170731,3191.998,3276.946,3139.504,3273.028,418762365100.0,4506669384950.3
000001.SH,20170630,3108.421,3193.461,3078.787,3192.427,320465228700.0,3658665507395.0
000001.SH,20170531,3147.228,3154.781,3016.531,3117.178,322802119600.0,3606045039971.0
000001.SH,20170428,3235.66,3295.187,3097.333,3154.658,378945939200.0,4224360730790.7
000001.SH,20170331,3240.073,3283.239,3193.157,3222.514,411763442200.0,5088074589974.2
000001.SH,20170228,3160.082,3264.082,3132.033,3241.733,339804179800.0,3777257343763.1
000001.SH,20170126,3105.309,3174.578,3044.291,3159.166,275949066800.0,3052771803649.4
000001.SH,20161230,3257.027,3279.714,3068.415,3103.637,396593147000.0,4406217831795.8
000001.SH,20161130,3101.664,3301.213,3094.103,3250.034,520079940300.0,5853881370208.6
000001.SH,20161031,3020.457,3137.034,3014.62,3100.492,278313009700.0,3063402257071.4
000001.SH,20160930,3083.961,3105.678,2969.132,3004.703,279583218000.0,3140900610162.2
000001.SH,20160831,2971.949,3140.441,2931.963,3085.491,395621823000.0,4449908184990.4
000001.SH,20160729,2931.802,3069.047,2922.52,2979.339,401165924100.0,4703322480034.8
000001.SH,20160630,2917.154,2945.942,2807.598,2929.606,317593868400.0,3770003269563.6
000001.SH,20160531,2940.392,3004.418,2780.763,2916.616,285384826800.0,3155930788505.6
000001.SH,20160429,2997.088,3097.165,2905.049,2938.324,378696335600.0,4214743414719.9
000001.SH,20160331,2688.38,3028.322,2668.757,3003.915,508460013100.0,5342528301150.1
000001.SH,20160229,2730.984,2933.964,2638.963,2687.979,301329091700.0,3077309762748.8
000001.SH,20160129,3536.589,3538.689,2638.302,2737.6,400777169700.0,4338224413575.3
000001.SH,20151231,3442.441,3684.567,3399.28,3539.182,536818233000.0,7207430271379.0
000001.SH,20151130,3337.578,3678.273,3302.184,3445.405,706581438100.0,9220410214902.4
000001.SH,20151030,3156.075,3457.517,3133.127,3382.561,545257912100.0,6420219046044.2
000001.SH,20150930,3157.832,3256.743,2983.535,3052.781,536251260000.0,5626371818011.1
000001.SH,20150831,3614.99,4006.337,2850.714,3205.986,871925873000.0,10774444741504.4
000001.SH,20150731,4214.15,4317.053,3373.54,3663.726,1319359565100.0,16111942030854.7
000001.SH,20150630,4633.098,5178.191,3847.88,4277.222,1287064577700.0,19999625437526.9
000001.SH,20150529,4441.343,4986.503,4099.042,4611.744,1066488457100.0,16332876035535.0
000001.SH,20150430,3748.34,4572.391,3742.213,4441.655,1267737273300.0,17358039246990.2
000001.SH,20150331,3332.721,3835.567,3198.37,3747.899,944248496800.0,11265694603448.0
000001.SH,20150227,3148.136,3324.546,3049.111,3310.303,361559495000.0,4118308357730.0
000001.SH,20150130,3258.63,3406.786,3095.066,3210.363,703743382000.0,7834158644228.0
000001.SH,20141231,2691.73,3239.36,2665.69,3234.68,1138352275200.0,11481330056827.0
000001.SH,20141128,2425.23,2683.18,2401.75,2682.84,569133459600.0,4881325355604.0
000001.SH,20141031,2368.58,2423.6,2279.84,2420.18,369728692300.0,3128628466850.0
000001.SH,20140930,2220.129,2365.49,2217.685,2363.87,419103106900.0,3552143754824.0
000001.SH,20140829,2194.17,2248.939,2180.597,2217.2,334378011100.0,2789714096388.0
000001.SH,20140731,2051.225,2202.126,2033.004,2201.562,298095463900.0,2389624767146.0
000001.SH,20140630,2039.196,2087.322,2010.53,2048.327,159123147500.0,1311746400172.0
000001.SH,20140530,2022.178,2061.06,1991.055,2039.212,151246051500.0,1200023035161.0
000001.SH,20140430,2031.005,2146.67,1997.64,2026.358,206744785600.0,1676592253117.0
000001.SH,20140331,2052.075,2079.551,1974.382,2033.306,231297669100.0,1863529394089.0
000001.SH,20140228,2022.323,2177.978,2014.381,2056.302,205121833800.0,1792376135677.0
000001.SH,20140130,2112.126,2113.11,1984.824,2033.083,156358032700.0,1359830633284.0
000001.SH,20131231,2203.122,2260.871,2068.543,2115.978,207126396100.0,1797708356849.0
000001.SH,20131129,2139.88,2234.387,2078.988,2220.504,218787186000.0,1921697378387.0
000001.SH,20131031,2171.904,2242.984,2093.197,2141.614,237739575200.0,2097596619873.0
000001.SH,20130930,2104.09,2270.268,2078.455,2174.665,299950773000.0,2536614269517.0
000001.SH,20130830,2000.818,2198.848,1997.058,2098.382,248948605300.0,2068466154344.0
000001.SH,20130731,1965.987,2092.868,1946.366,1993.799,216496432200.0,1819695570679.0
000001.SH,20130628,2300.209,2313.425,1849.653,1979.206,155238404700.0,1330039133719.0
000001.SH,20130531,2170.783,2334.335,2161.14,2300.595,229489956600.0,2086778170414.0
000001.SH,20130426,2229.46,2253.421,2165.784,2177.912,149714367200.0,1285166744811.0
000001.SH,20130329,2364.544,2369.649,2228.813,2236.621,232595488600.0,2039830763335.0
000001.SH,20130228,2377.414,2444.804,2289.887,2365.593,182653469800.0,1627227238522.0
000001.SH,20130131,2289.51,2391.821,2234.947,2385.422,267192606600.0,2258990487869.0
000001.SH,20121231,1977.254,2269.512,1949.457,2269.128,224520648100.0,1716522226268.0
000001.SH,20121130,2070.02,2123.327,1959.334,1980.117,124520339000.0,916117925579.0
000001.SH,20121031,2084.849,2138.027,2053.092,2068.88,123125158600.0,920182186952.0
000001.SH,20120928,2044.825,2145.003,1999.484,2086.169,143278782600.0,1154914584077.0
000001.SH,20120831,2101.723,2176.795,2032.537,2047.522,136402186500.0,1145769779793.0
000001.SH,20120731,2234.32,2244.832,2100.252,2103.634,134908245700.0,1218154718736.0
000001.SH,20120629,2373.224,2388.087,2188.716,2225.431,127609355500.0,1213271061776.0
000001.SH,20120531,2421.082,2453.731,2309.072,2372.234,199123483400.0,1936082267539.0
000001.SH,20120427,2258.031,2415.749,2251.393,2396.316,163371539100.0,1468779269356.0
000001.SH,20120330,2418.788,2476.216,2242.345,2262.788,208945209600.0,2022506906300.0
000001.SH,20120229,2288.066,2478.375,2263.342,2428.487,195228381700.0,1771725442753.0
000001.SH,20120131,2211.995,2324.493,2132.626,2292.61,104558051900.0,905508240942.0
000001.SH,20111230,2392.485,2423.559,2134.017,2199.417,115451788500.0,1022673259694.0
000001.SH,20111130,2450.331,2536.779,2319.44,2333.414,164171964900.0,1623328172239.0
000001.SH,20111031,2363.078,2483.759,2307.146,2468.25,120177730800.0,1115670054532.0
000001.SH,20110930,2569.799,2584.804,2348.217,2359.22,119028500100.0,1210646311944.0
000001.SH,20110831,2697.575,2712.888,2437.681,2567.34,180197859500.0,1913013493621.0
000001.SH,20110729,2767.834,2826.959,2677.119,2701.729,197195744500.0,2301193503965.0
000001.SH,20110630,2737.057,2774.365,2610.99,2762.076,162695218300.0,1850370857824.0
000001.SH,20110531,2911.51,2933.46,2689.206,2743.472,178511442500.0,2038386907830.0
000001.SH,20110429,2932.481,3067.456,2871.01,2911.511,230986007900.0,2727674447786.0
000001.SH,20110331,2906.285,3012.044,2850.945,2928.111,294103337700.0,3697125729696.0
000001.SH,20110228,2795.071,2944.413,2760.175,2905.053,175649129400.0,2163621465625.0
000001.SH,20110131,2825.329,2868.005,2661.448,2790.694,172827304500.0,2024148567221.0
000001.SH,20101231,2810.543,2939.05,2721.479,2808.077,211966345300.0,2647072525901.0
000001.SH,20101130,2986.886,3186.72,2758.924,2820.181,353400190700.0,4578969962106.0
000001.SH,20101029,2681.253,3073.384,2677.994,2978.835,297014940300.0,3684209273668.0
000001.SH,20100930,2641.053,2704.933,2573.629,2655.658,204526103600.0,2349748521929.0
000001.SH,20100831,2635.807,2701.93,2564.838,2638.798,240948800600.0,2474386475722.0
000001.SH,20100730,2393.947,2656.408,2319.739,2637.503,190747404700.0,1749555650828.0
000001.SH,20100630,2577.763,2598.897,2382.358,2398.37,122570128600.0,1295725373920.0
000001.SH,20100531,2821.354,2862.555,2481.974,2592.147,166994833900.0,1864427523919.0
000001.SH,20100430,3111.935,3181.663,2820.949,2870.611,229744651400.0,2875408233730.0
000001.SH,20100331,3057.006,3132.576,2963.438,3109.105,214915938600.0,2527176706019.0
000001.SH,20100226,2981.374,3067.525,2890.021,3051.943,122554105100.0,1429058112891.0
000001.SH,20100129,3289.75,3306.751,2963.891,2989.292,235567903400.0,2907731979924.0
000001.SH,20091231,3191.058,3334.011,3039.858,3277.139,269095633800.0,3191408952146.0
000001.SH,20091130,2933.817,3361.386,2923.525,3195.301,342999093200.0,3908779186403.0
000001.SH,20091030,2840.131,3123.463,2834.618,2995.848,176734400300.0,1998263557003.0
000001.SH,20090930,2649.168,3068.028,2639.759,2779.426,258009277900.0,2830021253289.0
000001.SH,20090831,3429.693,3478.01,2662.997,2667.745,290961434500.0,3333276559830.0
000001.SH,20090731,2950.169,3454.019,2947.69,3412.062,416594302400.0,4727470472212.0
000001.SH,20090630,2668.4,2997.272,2668.4,2959.362,297823536800.0,3082505012076.0
000001.SH,20090527,2486.685,2688.112,2486.225,2632.93,247149454700.0,2418631671149.0
000001.SH,20090430,2380.979,2579.218,2331.877,2477.569,317754212400.0,3006594591013.0
000001.SH,20090331,2066.229,2392.769,2037.024,2373.213,287186206800.0,2502940650221.0
000001.SH,20090227,2008.134,2402.807,1987.129,2082.852,324394536400.0,2633630754680.0
000001.SH,20090123,1849.02,2018.51,1844.094,1990.657,135002750000.0,974669913640.0
000001.SH,20081231,1865.743,2100.806,1814.752,1820.805,227540566400.0,1562954263814.0
000001.SH,20081128,1713.763,2050.879,1678.957,1871.156,182702364400.0,1183817549017.0
000001.SH,20081031,2267.394,2267.394,1664.925,1728.786,101996557100.0,731598028670.0
000001.SH,20080926,2380.468,2380.468,1802.331,2293.784,106061227700.0,810081573924.0
000001.SH,20080829,2751.02,2830.764,2284.585,2397.369,91522163100.0,787334388182.0
000001.SH,20080731,2743.164,2952.039,2566.528,2775.717,144977432300.0,1529942534587.0
000001.SH,20080630,3426.195,3483.61,2693.404,2736.103,101834965300.0,1129295082260.0
000001.SH,20080530,3739.797,3786.024,3333.951,3433.354,142480818900.0,1977507212237.0
000001.SH,20080430,3461.085,3705.093,2990.788,3693.106,136806175600.0,1863262798314.0
000001.SH,20080331,4323.698,4472.151,3357.229,3472.713,129091626700.0,1941457970715.0
000001.SH,20080229,4388.254,4695.802,4123.305,4348.543,86116985100.0,1422793133449.0
000001.SH,20080131,5265.0,5522.778,4330.697,4383.393,177173032700.0,3075450297599.0
000001.SH,20071228,4838.564,5336.499,4798.014,5261.563,125150564000.0,1973215164810.0
000001.SH,20071130,5978.939,6005.131,4778.727,4871.778,100700589100.0,1738405403353.0
000001.SH,20071031,5683.31,6124.044,5462.013,5954.765,134066493400.0,2410240824468.0
000001.SH,20070928,5257.777,5560.417,5025.336,5552.301,191885545300.0,3046095333107.0
000001.SH,20070831,4488.774,5235.157,4284.871,5218.825,240792867800.0,3559760893743.0
000001.SH,20070731,3800.233,4476.626,3563.544,4471.032,169546531500.0,2158545788669.0
000001.SH,20070629,4120.628,4311.997,3404.146,3820.703,265021802200.0,3532884656137.0
000001.SH,20070531,3937.938,4335.963,3845.227,4109.654,291421034400.0,3928113429827.0
000001.SH,20070430,3196.587,3851.35,3196.587,3841.272,291092879200.0,3200557591921.0
000001.SH,20070330,2877.203,3273.727,2723.065,3183.983,243630441900.0,2108466575601.0
000001.SH,20070228,2744.814,3049.771,2541.525,2881.073,147265707700.0,1164620353243.0
000001.SH,20070131,2728.188,2994.282,2617.019,2786.335,231772809800.0,1719902497357.0
000001.SH,20061229,2106.295,2698.904,2084.267,2675.474,162657736800.0,1024335730724.0
000001.SH,20061130,1838.68,2102.057,1833.201,2099.289,119331448000.0,688378326329.0
000001.SH,20061031,1768.144,1842.73,1753.494,1837.993,80209931300.0,432545863472.0
000001.SH,20060929,1658.66,1755.691,1634.026,1752.424,78239199800.0,427197982549.0
000001.SH,20060831,1619.635,1667.53,1541.413,1658.638,63174390200.0,342440439912.0
000001.SH,20060731,1677.311,1757.472,1611.163,1612.733,85715207400.0,501505155371.0
000001.SH,20060630,1639.673,1695.58,1512.521,1672.211,98591190500.0,558450174983.0
000001.SH,20060531,1446.992,1678.599,1446.992,1641.3,115630621800.0,669010507788.0
000001.SH,20060428,1298.684,1444.714,1298.684,1440.223,82596950000.0,435875447689.0
000001.SH,20060331,1299.154,1313.125,1238.156,1298.295,50281289700.0,249790298820.0
000001.SH,20060228,1263.003,1304.613,1256.808,1299.03,46654996400.0,229474461450.0
000001.SH,20060125,1163.878,1262.087,1161.906,1258.046,45169508600.0,221808161769.0
000001.SH,20051230,1098.784,1173.064,1074.007,1161.057,29656623100.0,135785019061.0
000001.SH,20051130,1091.677,1122.879,1074.298,1099.261,31475160200.0,135202557203.0
000001.SH,20051031,1153.672,1165.666,1067.407,1092.817,26745026700.0,127957218509.0
000001.SH,20050930,1163.7,1223.565,1129.054,1155.614,54583932400.0,251233820348.0
000001.SH,20050831,1082.796,1201.755,1081.118,1162.798,63610296000.0,281300131136.0
000001.SH,20050729,1077.313,1097.634,1004.081,1083.033,30635280800.0,131656033164.0
000001.SH,20050630,1059.61,1146.417,998.228,1080.938,38621113200.0,183688392603.0
000001.SH,20050531,1160.62,1165.39,1043.276,1060.738,18113184700.0,87684325040.0
000001.SH,20050429,1180.373,1254.319,1135.733,1159.146,31892298600.0,175702723240.0
000001.SH,20050331,1305.249,1326.076,1162.031,1181.236,31117798100.0,181575963414.0
000001.SH,20050228,1189.501,1328.533,1187.26,1306.003,22335564000.0,124718924706.0
000001.SH,20050131,1260.782,1268.856,1189.211,1191.823,19709110000.0,106512562783.0
000001.SH,20041231,1340.916,1352.455,1264.152,1266.496,22127867200.0,126738170972.0
000001.SH,20041130,1317.658,1387.342,1290.988,1340.771,30005794500.0,183054069245.0
000001.SH,20041029,1395.669,1437.572,1289.873,1320.536,26148282700.0,172146750519.0
000001.SH,20040930,1340.75,1496.214,1259.432,1396.7,41552204300.0,243466619090.0
000001.SH,20040831,1381.877,1424.553,1310.024,1342.062,19077384300.0,114801915970.0
000001.SH,20040730,1398.198,1466.784,1366.503,1386.202,24083113500.0,155337135370.0
000001.SH,20040630,1555.562,1580.57,1376.218,1399.162,23725377900.0,169957988790.0
000001.SH,20040531,1600.626,1606.072,1508.645,1555.906,16105513600.0,115192083780.0
000001.SH,20040430,1744.709,1783.007,1572.23,1595.587,40425196800.0,325762376260.0
000001.SH,20040331,1676.222,1760.076,1634.71,1741.623,46834143800.0,356722553750.0
000001.SH,20040227,1630.654,1730.279,1585.958,1675.067,59581950000.0,452388305000.0
000001.SH,20040130,1492.724,1634.413,1491.694,1590.729,35695801000.0,251050325000.0
000001.SH,20031231,1398.706,1525.299,1398.706,1497.044,46792438600.0,297455054390.0
000001.SH,20031128,1346.481,1423.582,1307.395,1397.225,30961748600.0,188745041280.0
000001.SH,20031031,1366.201,1411.88,1334.784,1348.303,16445321500.0,106684902220.0
000001.SH,20030930,1423.353,1456.553,1348.222,1367.161,15524801100.0,114426156910.0
000001.SH,20030829,1476.47,1497.102,1406.681,1421.983,12985648000.0,95330707840.0
000001.SH,20030731,1485.521,1540.194,1464.866,1476.742,21092992700.0,151572138790.0
000001.SH,20030630,1577.987,1582.412,1483.686,1486.024,24073813400.0,159559025370.0
000001.SH,20030530,1522.981,1581.612,1477.252,1576.261,26593163200.0,194373542510.0
000001.SH,20030430,1513.001,1649.603,1473.266,1521.444,54257118600.0,375857061900.0
000001.SH,20030331,1511.585,1529.752,1447.014,1510.578,17724195600.0,132802564100.0
000001.SH,20030228,1499.166,1524.751,1474.471,1511.932,14764129800.0,103491797220.0
000001.SH,20030129,1347.433,1508.588,1311.684,1499.815,31884221700.0,195592849710.0
000001.SH,20021231,1432.029,1439.85,1348.714,1357.654,15741080100.0,108861055020.0
000001.SH,20021129,1507.383,1573.104,1353.139,1434.182,18064250300.0,120814253790.0
000001.SH,20021031,1577.052,1577.052,1488.679,1507.496,12315420200.0,75239629080.0
000001.SH,20020927,1666.341,1680.279,1577.53,1581.618,11094500000.0,86371998480.0
000001.SH,20020830,1650.054,1696.277,1624.049,1666.618,13655652900.0,114071732240.0
000001.SH,20020731,1736.293,1741.918,1647.265,1651.594,24156900000.0,202496317530.0
000001.SH,20020628,1510.247,1748.89,1455.305,1732.755,34887750300.0,246000520640.0
000001.SH,20020531,1669.871,1670.917,1506.542,1515.733,12801790000.0,109693882210.0
000001.SH,20020430,1598.026,1680.298,1575.972,1667.749,22582960100.0,184107535350.0
000001.SH,20020329,1521.528,1693.873,1494.834,1603.905,38096706600.0,289090556260.0
000001.SH,20020228,1494.577,1544.921,1476.133,1524.701,11910210000.0,82617571270.0
000001.SH,20020131,1643.485,1643.5,1339.2,1491.665,19603400500.0,131840553150.0
000001.SH,20011231,1751.051,1776.019,1593.026,1645.971,17202970200.0,135036525670.0
000001.SH,20011130,1692.351,1748.0,1550.465,1747.993,20739700700.0,143742654130.0
000001.SH,20011031,1766.133,1773.798,1514.862,1689.17,20515480600.0,133580979090.0
000001.SH,20010928,1831.703,1888.901,1750.764,1764.867,18242411800.0,118863608780.0
000001.SH,20010831,1925.239,1990.699,1795.567,1834.138,21488257500.0,167636367850.0
000001.SH,20010731,2220.419,2223.207,1909.297,1920.318,23007781400.0,196849742550.0
000001.SH,20010629,2216.56,2245.435,2157.122,2218.029,32190176500.0,309387146260.0
000001.SH,20010531,2119.898,2222.651,2119.894,2214.257,33231868200.0,283418653130.0
000001.SH,20010430,2117.45,2179.741,2081.644,2119.184,44553979500.0,338558690000.0
000001.SH,20010330,1959.009,2112.879,1953.721,2112.775,35065340400.0,281488508770.0
000001.SH,20010228,2069.856,2072.547,1893.783,1959.18,12508196700.0,116878321610.0
000001.SH,20010119,2077.076,2131.98,2007.706,2065.606,18268580900.0,181074394390.0
000001.SH,20001229,2073.09,2097.29,2024.286,2073.477,25366038200.0,225910383140.0
000001.SH,20001130,1961.08,2125.72,1959.72,2070.61,25104393600.0,266251665020.0
000001.SH,20001031,1912.076,1980.63,1896.945,1961.29,12949521800.0,135405411290.0
000001.SH,20000929,2009.151,2026.351,1874.21,1910.161,15431299600.0,151215412240.0
000001.SH,20000831,2027.013,2114.522,1980.345,2021.199,37574452000.0,347976817500.0
000001.SH,20000731,1917.442,2024.998,1888.249,2023.539,32137009400.0,280273055010.0
000001.SH,20000630,1900.533,1953.339,1884.616,1928.106,31120073800.0,310030661260.0
000001.SH,20000531,1848.173,1908.306,1695.531,1894.554,20965032900.0,216027027540.0
000001.SH,20000428,1799.575,1858.265,1746.302,1836.321,29907077600.0,298017800000.0
000001.SH,20000331,1720.597,1811.063,1596.072,1800.225,46723697900.0,451076003750.0
000001.SH,20000229,1591.445,1770.88,1583.582,1714.578,37201886600.0,352317972500.0
000001.SH,20000128,1368.693,1547.708,1361.214,1534.997,28959217400.0,235156353160.0
000001.SH,19991230,1434.978,1461.899,1341.052,1366.58,10948310000.0,77603185800.0
000001.SH,19991130,1501.735,1506.994,1427.358,1434.973,12577449400.0,85018842530.0
000001.SH,19991029,1568.238,1568.375,1452.709,1504.563,10036690000.0,66555236740.0
000001.SH,19990930,1627.821,1695.644,1556.741,1570.702,16234503900.0,149801246600.0
000001.SH,19990831,1607.062,1658.69,1546.837,1627.116,23700846600.0,208193670020.0
000001.SH,19990730,1678.838,1678.838,1471.509,1601.459,36671513000.0,296380508140.0
000001.SH,19990630,1283.3,1756.184,1259.008,1689.428,64003892000.0,514812787500.0
000001.SH,19990531,1120.908,1303.48,1047.833,1279.326,22822468500.0,149804443770.0
000001.SH,19990430,1158.681,1210.1,1087.794,1120.927,16163541800.0,109867450340.0
000001.SH,19990331,1092.145,1179.65,1084.156,1158.054,13647642100.0,95179711430.0
000001.SH,19990209,1131.651,1131.66,1064.174,1090.087,2756467800.0,17508616410.0
000001.SH,19990129,1144.888,1174.427,1104.501,1134.673,9286117500.0,62562884870.0
000001.SH,19981231,1249.01,1251.87,1125.56,1146.7,7216957900.0,56294868470.0
000001.SH,19981130,1217.34,1300.15,1210.85,1247.42,12167240200.0,116147338140.0
000001.SH,19981030,1245.74,1263.71,1191.56,1217.32,11672623300.0,103318626910.0
000001.SH,19980930,1142.5,1264.4,1123.64,1242.9,15481164900.0,120359326290.0
000001.SH,19980831,1315.14,1315.47,1043.02,1150.22,11568621200.0,80567237210.0
000001.SH,19980731,1363.27,1367.15,1278.3,1316.92,10703435700.0,92737510030.0
000001.SH,19980630,1418.35,1422.98,1323.53,1339.2,14185296700.0,140430908790.0
000001.SH,19980529,1353.06,1411.35,1324.72,1411.21,18848077100.0,167762615050.0
000001.SH,19980430,1243.37,1343.46,1240.06,1343.45,22327818600.0,189983800680.0
000001.SH,19980331,1196.74,1252.24,1175.55,1243.02,8538903100.0,91962497220.0
000001.SH,19980227,1258.0,1262.62,1189.52,1206.53,6005332000.0,60715115330.0
000001.SH,19980123,1200.95,1250.01,1110.09,1222.91,7036715300.0,78905026920.0
000001.SH,19971231,1137.59,1198.97,1119.2,1194.1,6648993800.0,71254952350.0
000001.SH,19971128,1181.16,1213.23,1114.14,1139.63,6275650200.0,61049843290.0
000001.SH,19971031,1100.7,1241.83,1087.02,1180.39,6993340200.0,69350391430.0
000001.SH,19970930,1224.18,1264.49,1025.13,1097.38,9234745100.0,80037853800.0
000001.SH,19970829,1191.65,1223.07,1116.15,1221.06,9238606400.0,85463240670.0
000001.SH,19970731,1255.91,1261.57,1066.04,1189.76,9000940200.0,104733514730.0
000001.SH,19970627,1302.82,1369.51,1154.97,1250.27,9737585200.0,133886088490.0
000001.SH,19970530,1398.14,1510.18,1213.24,1285.18,15626082200.0,211894484410.0
000001.SH,19970430,1243.87,1396.48,1222.56,1393.75,21173318900.0,253385563140.0
000001.SH,19970331,1044.61,1234.96,1043.93,1234.62,18611319400.0,198599793160.0
000001.SH,19970228,969.53,1040.33,870.18,1040.27,7735229400.0,68519762820.0
000001.SH,19970131,914.06,967.9,871.78,964.74,6925491400.0,60254109250.0
000001.SH,19961231,1056.68,1258.69,855.85,917.02,21944769400.0,208659209080.0
000001.SH,19961129,935.17,1047.39,896.88,1032.95,13684740500.0,115158890050.0
000001.SH,19961031,887.85,1038.81,852.83,976.71,18528856300.0,149020761610.0
000001.SH,19960927,812.94,875.53,752.68,875.53,8850330600.0,78203349100.0
000001.SH,19960830,823.17,894.86,766.7,809.94,8117212400.0,65623894570.0
000001.SH,19960731,800.91,894.73,753.64,822.48,14009886700.0,115824299430.0
000001.SH,19960628,643.96,819.84,636.46,804.25,12194659100.0,92867002670.0
000001.SH,19960531,715.97,725.16,630.42,643.65,7596815600.0,45912712030.0
000001.SH,19960430,566.21,739.29,556.23,681.16,6839041100.0,44562874620.0
000001.SH,19960329,583.38,606.51,549.71,556.39,2717772100.0,14352664850.0
000001.SH,19960216,536.24,553.83,518.18,552.94,937014900.0,4637379830.0
000001.SH,19960131,550.26,561.36,512.83,537.35,2417387600.0,10404444660.0
000001.SH,19951229,631.55,643.36,552.84,555.29,1767184300.0,9978510750.0
000001.SH,19951130,716.46,736.91,632.03,641.14,3542618700.0,20012163360.0
000001.SH,19951031,724.04,765.48,693.86,717.32,7120846000.0,41171703490.0
000001.SH,19950929,726.05,792.54,699.1,722.43,5992628400.0,31720006340.0
000001.SH,19950831,697.22,788.16,688.65,723.87,10004407800.0,52840374300.0
000001.SH,19950731,623.14,723.68,610.33,695.55,6699947800.0,31923492940.0
000001.SH,19950630,703.72,722.3,625.7,630.58,2665856700.0,15829078630.0
000001.SH,19950531,576.69,926.41,564.86,700.51,6132731700.0,52655820330.0
000001.SH,19950428,651.04,681.15,547.21,579.93,3038152300.0,20810965490.0
000001.SH,19950331,548.91,648.04,545.72,646.92,2937260700.0,23360124670.0
000001.SH,19950228,559.78,611.89,524.43,549.26,1038663700.0,6308961890.0
000001.SH,19950127,637.72,657.52,547.38,562.59,773002000.0,5026332900.0
000001.SH,19941230,684.02,695.22,620.47,647.87,2163404100.0,20175946290.0
000001.SH,19941130,667.66,743.22,648.68,683.59,3238673600.0,29481464840.0
000001.SH,19941031,770.9,794.85,546.79,654.98,6557713100.0,55882320720.0
000001.SH,19940930,785.61,1052.94,785.56,791.15,14875312400.0,151567033880.0
000001.SH,19940831,394.87,787.22,377.97,785.33,20732204400.0,148498497540.0
000001.SH,19940729,469.27,469.43,325.89,333.92,1542891400.0,7637914750.0
000001.SH,19940630,554.08,556.9,458.74,469.29,2119220700.0,10519164800.0
000001.SH,19940531,593.94,620.94,537.78,556.26,4194462000.0,23194519550.0
000001.SH,19940429,704.93,705.41,536.34,592.56,3931438700.0,31774156260.0
000001.SH,19940331,771.52,807.52,694.03,704.46,5354089200.0,58077192180.0
000001.SH,19940228,770.25,818.57,749.63,770.98,1500663700.0,15480773600.0
000001.SH,19940131,837.7,907.09,760.78,770.25,2424543900.0,23596674610.0
000001.SH,19931231,993.67,1044.85,750.46,833.8,2818664900.0,37710020320.0
000001.SH,19931130,801.86,1011.76,793.32,984.93,2692766900.0,37317981600.0
000001.SH,19931029,895.69,934.4,774.54,814.82,1514536100.0,23641631320.0
000001.SH,19930930,898.01,947.53,864.38,890.27,619490800.0,6923985900.0
000001.SH,19930831,885.31,1042.47,823.0,895.68,1497693700.0,18153103530.0
000001.SH,19930730,1000.8,1009.89,777.73,881.07,656043500.0,8074706770.0
000001.SH,19930630,935.9,1177.91,859.48,1007.05,906521800.0,15475151710.0
000001.SH,19930531,1365.15,1380.5,930.64,935.48,661235600.0,12124998600.0
000001.SH,19930430,921.59,1392.62,915.59,1358.78,1299869400.0,26098214320.0
000001.SH,19930331,1328.22,1339.1,913.74,925.91,762189600.0,14609000460.0
000001.SH,19930226,1242.35,1558.95,1196.47,1339.88,1227577900.0,25997162570.0
000001.SH,19930129,784.13,1198.48,777.16,1198.48,734165400.0,11527162770.0
000001.SH,19921231,718.99,841.02,592.78,780.39,476167400.0,6216520820.0
000001.SH,19921130,471.18,752.32,386.85,724.6,325186200.0,2828499960.0
000001.SH,19921030,676.47,713.77,447.93,507.25,204637100.0,2284817950.0
000001.SH,19920930,826.96,832.84,595.42,702.32,208998500.0,2734135940.0
000001.SH,19920831,1034.7,1060.36,627.36,823.27,204067900.0,2862566940.0
000001.SH,19920731,1199.54,1215.24,961.61,1052.07,138842500.0,2781203950.0
000001.SH,19920630,1175.69,1249.58,1033.47,1191.19,79408700.0,2006645970.0
000001.SH,19920529,454.86,1429.01,439.96,1234.71,107331300.0,2085235930.0
000001.SH,19920430,381.55,448.94,381.01,445.38,51061100.0,804940000.0
000001.SH,19920331,365.15,382.06,364.66,381.24,16144100.0,346811000.0
000001.SH,19920228,314.18,364.67,313.24,364.66,10828700.0,165694000.0
000001.SH,19920131,293.74,313.24,292.76,313.24,1690500.0,22691000.0
000001.SH,19911231,261.78,292.75,259.67,292.75,4366600.0,46668000.0
000001.SH,19911129,220.71,259.85,218.6,259.6,9627000.0,80215000.0
000001.SH,19911031,181.55,218.6,179.8,218.6,22344300.0,149536000.0
000001.SH,19910930,180.08,191.18,178.43,180.92,28613300.0,194104000.0
000001.SH,19910830,145.12,178.43,143.8,178.43,8081400.0,44303000.0
000001.SH,19910731,135.28,143.8,131.87,143.8,13435400.0,69699000.0
