ts_code,trade_date,open,high,low,close,pre_close,change,pct_chg,vol,amount
688041.SH,20250909,177.43,179.3,173.5,174.51,179.35,-4.840000000000003,-2.7,243369.12,4280954.905
688041.SH,20250908,179.99,182.5,175.12,179.35,179.4,-0.05000000000001137,-0.03,323919.46,5780920.119
688041.SH,20250905,173.88,181.24,169.33,179.4,173.28,6.1200000000000045,3.53,460465.55,8044531.092
688041.SH,20250904,195.5,195.6,170.41,173.28,194.98,-21.69999999999999,-11.13,670917.05,12044217.643
688041.SH,20250903,198.0,199.39,192.0,194.98,201.89,-6.909999999999997,-3.42,390034.01,7617745.955
688041.SH,20250902,206.0,211.79,196.8,201.89,208.96,-7.070000000000022,-3.38,550626.23,11252789.619
688041.SH,20250901,199.0,217.33,194.9,208.96,194.52,14.439999999999998,7.42,657334.13,13449100.185
688041.SH,20250829,199.71,199.82,192.6,194.52,205.0,-10.47999999999999,-5.11,498827.64,9790166.235
688041.SH,20250828,191.0,205.69,190.88,205.0,191.95,13.050000000000011,6.8,697395.15,13774649.778
688041.SH,20250827,200.17,202.61,191.37,191.95,197.23,-5.280000000000001,-2.68,645846.89,12778391.679
688041.SH,20250826,203.18,203.9,196.8,197.23,210.1,-12.870000000000005,-6.13,579201.79,11572471.615
688041.SH,20250825,196.0,217.66,195.36,210.1,186.06,24.039999999999992,12.92,1022044.24,21035996.934
688041.SH,20250822,159.18,186.06,159.18,186.06,155.05,31.00999999999999,20.0,751546.32,13309982.031
688041.SH,20250821,156.91,160.3,154.14,155.05,155.79,-0.7399999999999807,-0.47,417575.41,6561110.984
688041.SH,20250820,148.88,155.96,146.77,155.79,148.73,7.060000000000002,4.75,482361.73,7339021.047
688041.SH,20250819,152.1,153.66,148.7,148.73,152.61,-3.880000000000024,-2.54,363116.41,5472754.781
688041.SH,20250818,155.0,155.58,151.4,152.61,153.86,-1.25,-0.81,430598.35,6592989.486
688041.SH,20250815,150.03,155.0,150.0,153.86,152.49,1.3700000000000045,0.9,442455.4,6770492.666
688041.SH,20250814,140.9,159.99,140.56,152.49,140.12,12.370000000000005,8.83,789014.78,12019911.089
688041.SH,20250813,140.0,142.33,138.58,140.12,138.8,1.3199999999999932,0.95,368883.71,5177697.114
688041.SH,20250812,136.0,143.68,135.05,138.8,135.91,2.890000000000015,2.13,495999.29,6896303.131
688041.SH,20250811,136.15,136.89,135.7,135.91,136.12,-0.21000000000000796,-0.15,160455.34,2184254.281
688041.SH,20250808,136.6,137.17,135.7,136.12,136.61,-0.4900000000000091,-0.36,165157.27,2249937.371
688041.SH,20250807,137.89,138.85,136.41,136.61,137.34,-0.7299999999999898,-0.53,242396.98,3328624.756
688041.SH,20250806,139.35,139.62,136.38,137.34,142.46,-5.1200000000000045,-3.59,408682.6,5613457.353
688041.SH,20250805,141.5,142.8,139.35,142.46,142.58,-0.12000000000000455,-0.08,176127.63,2489166.223
688041.SH,20250804,137.0,145.03,137.0,142.58,137.75,4.8300000000000125,3.51,319196.02,4550834.999
688041.SH,20250801,139.7,143.67,137.02,137.75,139.2,-1.4499999999999886,-1.04,225490.53,3151509.515
688041.SH,20250731,140.3,144.96,138.8,139.2,140.45,-1.25,-0.89,310673.82,4390459.188
688041.SH,20250730,142.1,143.19,139.61,140.45,143.0,-2.5500000000000114,-1.78,169458.33,2393448.556
688041.SH,20250729,139.1,145.0,138.51,143.0,139.93,3.069999999999993,2.19,281625.18,3998417.032
688041.SH,20250728,141.01,141.3,138.7,139.93,141.49,-1.5600000000000023,-1.1,186479.34,2607009.431
688041.SH,20250725,136.86,142.99,136.12,141.49,136.7,4.7900000000000205,3.5,358895.25,5000457.426
688041.SH,20250724,135.45,137.78,135.44,136.7,135.17,1.5300000000000011,1.13,198306.32,2706856.454
688041.SH,20250723,135.4,136.27,134.85,135.17,135.34,-0.17000000000001592,-0.13,203824.72,2760903.353
688041.SH,20250722,136.5,137.64,135.2,135.34,136.67,-1.329999999999984,-0.97,220066.05,2995090.613
688041.SH,20250721,137.22,138.34,136.18,136.67,136.97,-0.30000000000001137,-0.22,131695.01,1804042.3
688041.SH,20250718,137.5,138.16,136.31,136.97,138.0,-1.0300000000000011,-0.75,120687.45,1654756.451
688041.SH,20250717,137.56,138.0,135.82,138.0,137.56,0.4399999999999977,0.32,171590.59,2347195.047
688041.SH,20250716,136.7,139.15,136.5,137.56,136.7,0.8600000000000136,0.63,157453.73,2169023.139
688041.SH,20250715,136.1,137.64,135.86,136.7,136.1,0.5999999999999943,0.44,133083.44,1816701.018
688041.SH,20250714,137.0,137.68,136.0,136.1,137.43,-1.3300000000000125,-0.97,96210.7,1313903.137
688041.SH,20250711,135.46,138.95,135.01,137.43,135.11,2.319999999999993,1.72,209639.41,2880699.145
688041.SH,20250710,135.51,136.1,135.01,135.11,135.39,-0.2799999999999727,-0.21,109404.66,1480661.392
688041.SH,20250709,137.19,137.38,135.38,135.39,136.9,-1.5100000000000193,-1.1,90619.8,1234160.61
688041.SH,20250708,136.16,137.2,135.39,136.9,136.03,0.8700000000000045,0.64,100735.86,1375161.421
688041.SH,20250707,135.56,136.32,134.83,136.03,135.56,0.46999999999999886,0.35,72322.37,981568.198
688041.SH,20250704,135.36,137.3,134.9,135.56,135.36,0.19999999999998863,0.15,111513.27,1514571.791
688041.SH,20250703,135.8,136.43,135.1,135.36,135.56,-0.19999999999998863,-0.15,91407.42,1238216.535
688041.SH,20250702,136.31,136.78,135.5,135.56,136.5,-0.9399999999999977,-0.69,102669.33,1395235.281
688041.SH,20250701,141.07,141.09,136.21,136.5,141.29,-4.789999999999992,-3.39,195411.39,2683905.185
688041.SH,20250630,139.16,142.77,138.69,141.29,139.0,2.289999999999992,1.65,154044.65,2173041.988
688041.SH,20250627,142.85,143.29,138.88,139.0,141.75,-2.75,-1.94,170610.97,2388931.718
688041.SH,20250626,138.8,146.68,138.11,141.75,137.99,3.759999999999991,2.72,299167.33,4273947.686
688041.SH,20250625,136.54,138.25,135.74,137.99,137.14,0.8500000000000227,0.62,169955.9,2332328.874
688041.SH,20250624,134.0,138.12,133.6,137.14,133.58,3.559999999999974,2.67,196080.53,2674750.709
688041.SH,20250623,133.01,134.36,132.9,133.58,133.5,0.0800000000000125,0.06,90571.94,1209231.346
688041.SH,20250620,134.5,135.48,133.5,133.5,134.15,-0.6500000000000057,-0.48,90186.92,1209991.161
688041.SH,20250619,134.24,136.36,133.58,134.15,134.68,-0.5300000000000011,-0.39,106469.16,1435641.243
688041.SH,20250618,136.13,136.4,134.21,134.68,135.7,-1.0199999999999818,-0.75,119177.81,1608698.271
688041.SH,20250617,138.2,138.2,135.38,135.7,138.35,-2.6500000000000057,-1.92,131544.46,1789374.772
688041.SH,20250616,136.69,138.98,135.74,138.35,137.06,1.289999999999992,0.94,148708.06,2048039.605
688041.SH,20250613,135.01,137.96,134.43,137.06,136.09,0.9699999999999989,0.71,194930.23,2656599.455
688041.SH,20250612,135.5,136.56,132.01,136.09,135.5,0.5900000000000034,0.44,187557.83,2532497.846
688041.SH,20250611,140.1,141.0,135.41,135.5,141.98,-6.47999999999999,-4.56,319709.69,4367176.606
688041.SH,20250610,148.0,148.0,140.0,141.98,136.13,5.849999999999994,4.3,609077.34,8730159.987
688041.SH,20250523,136.67,139.78,135.38,136.13,136.66,-0.5300000000000011,-0.39,99657.39,1368973.474
688041.SH,20250522,138.51,139.56,136.0,136.66,138.85,-2.1899999999999977,-1.58,86075.36,1184784.35
688041.SH,20250521,138.5,139.81,138.02,138.85,138.96,-0.11000000000001364,-0.08,61520.54,855266.332
688041.SH,20250520,139.84,140.75,138.8,138.96,139.9,-0.9399999999999977,-0.67,78640.4,1098006.993
688041.SH,20250519,138.8,140.66,138.08,139.9,138.49,1.4099999999999966,1.02,79967.08,1114671.081
688041.SH,20250516,142.01,142.67,137.06,138.49,141.94,-3.4499999999999886,-2.43,135722.17,1885082.866
688041.SH,20250515,144.04,144.81,141.53,141.94,144.05,-2.1100000000000136,-1.46,85999.9,1227878.124
688041.SH,20250514,143.23,145.33,142.53,144.05,142.0,2.0500000000000114,1.44,118534.35,1708402.763
688041.SH,20250513,144.37,144.53,141.83,142.0,143.53,-1.5300000000000011,-1.07,100434.97,1436862.794
688041.SH,20250512,143.43,145.51,142.63,143.53,143.71,-0.18000000000000682,-0.13,114020.35,1642442.8
688041.SH,20250509,145.44,146.1,143.71,143.71,145.83,-2.1200000000000045,-1.45,95020.54,1375398.296
688041.SH,20250508,149.32,149.8,145.74,145.83,150.62,-4.789999999999992,-3.18,164947.39,2427864.592
688041.SH,20250507,153.23,153.23,149.22,150.62,149.83,0.789999999999992,0.53,126742.45,1910156.347
688041.SH,20250506,150.92,150.92,147.37,149.83,148.42,1.410000000000025,0.95,125352.82,1870456.686
688041.SH,20250430,149.32,152.1,148.22,148.42,149.92,-1.5,-1.0,114902.9,1723056.252
688041.SH,20250429,147.88,150.54,145.49,149.92,148.42,1.5,1.01,91265.61,1356820.472
688041.SH,20250428,147.79,149.57,146.97,148.42,147.03,1.3899999999999864,0.95,86063.6,1276793.402
688041.SH,20250425,148.89,149.5,146.48,147.03,148.12,-1.0900000000000034,-0.74,90156.08,1334717.423
688041.SH,20250424,148.82,151.17,147.88,148.12,148.82,-0.6999999999999886,-0.47,87824.67,1311540.473
688041.SH,20250423,151.92,153.35,148.27,148.82,151.92,-3.0999999999999943,-2.04,146649.34,2192327.187
688041.SH,20250422,154.49,157.08,151.9,151.92,153.54,-1.6200000000000045,-1.06,176601.03,2732403.145
688041.SH,20250421,150.5,154.68,149.61,153.54,149.46,4.079999999999984,2.73,131589.95,2017079.669
688041.SH,20250418,152.57,152.62,147.62,149.46,153.82,-4.359999999999985,-2.83,129587.45,1939699.702
688041.SH,20250417,152.31,157.58,151.82,153.82,154.32,-0.5,-0.32,163595.47,2523530.427
688041.SH,20250416,154.81,155.51,148.84,154.32,150.22,4.099999999999994,2.73,220774.19,3356369.613
688041.SH,20250415,149.5,151.25,147.3,150.22,149.97,0.25,0.17,132901.69,1984973.804
688041.SH,20250414,147.82,151.08,145.03,149.97,146.74,3.2299999999999898,2.2,215683.5,3207569.485
688041.SH,20250411,142.33,152.7,140.85,146.74,141.1,5.640000000000015,4.0,316773.05,4642397.826
688041.SH,20250410,143.6,144.33,139.95,141.1,141.31,-0.21000000000000796,-0.15,216481.2,3073650.387
688041.SH,20250409,131.84,142.57,131.5,141.31,134.07,7.240000000000009,5.4,336544.7,4678045.506
688041.SH,20250408,137.83,138.79,130.39,134.07,136.3,-2.230000000000018,-1.64,285596.69,3809132.621
688041.SH,20250407,135.39,140.05,127.92,136.3,141.85,-5.549999999999983,-3.91,377565.49,5125057.018
688041.SH,20250403,139.84,145.21,139.84,141.85,141.66,0.18999999999999773,0.13,140926.63,2017350.133
688041.SH,20250402,141.03,142.45,140.51,141.66,141.74,-0.0800000000000125,-0.06,76108.29,1078637.132
688041.SH,20250401,142.22,143.94,141.52,141.74,141.13,0.6100000000000136,0.43,140023.43,1998597.253
688041.SH,20250331,139.65,142.15,138.82,141.13,140.82,0.3100000000000023,0.22,116827.1,1640783.302
688041.SH,20250328,141.55,142.63,139.84,140.82,141.99,-1.170000000000016,-0.82,105508.95,1489494.102
688041.SH,20250327,141.62,144.71,141.23,141.99,140.88,1.1100000000000136,0.79,151995.74,2174122.876
688041.SH,20250326,142.13,143.24,140.63,140.88,141.85,-0.9699999999999989,-0.68,122822.65,1742009.996
688041.SH,20250325,148.72,150.1,140.83,141.85,148.82,-6.969999999999999,-4.68,208015.65,3009241.925
688041.SH,20250324,145.63,149.16,144.33,148.82,145.63,3.1899999999999977,2.19,160191.81,2351207.291
688041.SH,20250321,151.32,152.45,143.83,145.63,151.48,-5.849999999999994,-3.86,213896.42,3156244.397
688041.SH,20250320,150.83,153.51,148.84,151.48,152.66,-1.1800000000000068,-0.77,136594.44,2075479.483
688041.SH,20250319,152.62,154.36,151.62,152.66,153.22,-0.5600000000000023,-0.37,120263.5,1838231.196
688041.SH,20250318,154.89,157.03,152.85,153.22,154.6,-1.3799999999999955,-0.89,151523.08,2346101.805
688041.SH,20250317,158.47,158.61,154.1,154.6,156.69,-2.0900000000000034,-1.33,166641.55,2593589.291
688041.SH,20250314,155.8,159.11,154.12,156.69,155.3,1.3899999999999864,0.9,255525.91,4015842.407
688041.SH,20250313,164.53,164.53,153.99,155.3,162.23,-6.929999999999978,-4.27,249185.89,3939397.186
688041.SH,20250312,162.69,169.08,160.31,162.23,157.82,4.409999999999997,2.79,364044.61,6009882.144
688041.SH,20250311,158.71,160.41,154.81,157.82,162.81,-4.990000000000009,-3.06,248571.97,3910331.002
688041.SH,20250310,159.6,164.62,157.81,162.81,159.61,3.1999999999999886,2.0,222797.8,3594917.068
688041.SH,20250307,161.31,164.04,158.51,159.61,162.83,-3.219999999999999,-1.98,214629.2,3469333.054
688041.SH,20250306,158.81,166.46,155.52,162.83,153.77,9.060000000000002,5.89,398241.98,6474314.876
688041.SH,20250305,150.78,154.6,149.95,153.77,151.32,2.450000000000017,1.62,230757.73,3515640.782
688041.SH,20250304,147.32,155.81,146.82,151.32,150.75,0.5699999999999932,0.38,300387.85,4549771.068
688041.SH,20250303,159.86,161.9,149.33,150.75,159.81,-9.060000000000002,-5.67,396221.03,6082397.394
688041.SH,20250228,169.3,169.3,157.64,159.81,169.79,-9.97999999999999,-5.88,423431.27,6871976.442
688041.SH,20250227,164.85,171.69,162.41,169.79,164.8,4.989999999999981,3.03,490230.76,8200020.91
688041.SH,20250226,158.1,168.3,152.6,164.8,155.71,9.090000000000003,5.84,518137.07,8350170.495
688041.SH,20250225,150.82,161.1,149.03,155.71,153.88,1.8300000000000125,1.19,394849.6,6095226.351
688041.SH,20250224,155.68,157.23,151.34,153.88,156.77,-2.890000000000015,-1.84,374964.51,5784547.209
688041.SH,20250221,138.9,159.82,138.9,156.77,135.99,20.78,15.28,782441.42,11800501.912
688041.SH,20250220,138.0,140.35,135.15,135.99,137.21,-1.2199999999999989,-0.89,213137.58,2918970.392
688041.SH,20250219,137.34,139.27,135.89,137.21,137.31,-0.09999999999999432,-0.07,251330.34,3454393.505
688041.SH,20250218,140.83,141.73,136.22,137.31,141.44,-4.1299999999999955,-2.92,204517.47,2846087.146
688041.SH,20250217,137.14,144.34,137.14,141.44,135.73,5.710000000000008,4.21,378890.71,5359928.275
688041.SH,20250214,134.89,137.24,134.05,135.73,134.89,0.8400000000000034,0.62,190713.11,2587908.539
688041.SH,20250213,140.33,140.33,134.84,134.89,140.91,-6.02000000000001,-4.27,284332.2,3890415.55
688041.SH,20250212,142.83,146.37,139.61,140.91,139.83,1.079999999999984,0.77,284616.23,4038758.765
688041.SH,20250211,142.31,143.5,137.37,139.83,142.13,-2.299999999999983,-1.62,266015.03,3719734.38
688041.SH,20250210,140.62,143.53,139.83,142.13,139.53,2.5999999999999943,1.86,310232.35,4404750.551
688041.SH,20250207,140.83,144.11,137.14,139.53,140.64,-1.1099999999999852,-0.79,394420.73,5544944.265
688041.SH,20250206,138.83,141.69,136.72,140.64,139.02,1.6199999999999761,1.17,358856.3,5018503.37
688041.SH,20250205,135.84,140.71,132.5,139.02,127.85,11.170000000000016,8.74,500169.68,6830831.679
688041.SH,20250127,127.95,130.56,125.86,127.85,130.84,-2.990000000000009,-2.29,175857.05,2263675.771
688041.SH,20250124,130.41,133.38,129.85,130.84,130.38,0.46000000000000796,0.35,205500.57,2710711.734
688041.SH,20250123,133.67,135.75,129.99,130.38,132.31,-1.9300000000000068,-1.46,254931.31,3371067.304
688041.SH,20250122,132.54,134.72,130.89,132.31,132.87,-0.5600000000000023,-0.42,223486.15,2972590.593
688041.SH,20250121,134.44,134.83,131.26,132.87,133.74,-0.8700000000000045,-0.65,223175.88,2968710.571
688041.SH,20250120,132.84,136.0,131.24,133.74,131.62,2.1200000000000045,1.61,229018.99,3072481.176
688041.SH,20250117,129.84,134.66,128.98,131.62,132.65,-1.0300000000000011,-0.78,295167.16,3889296.127
688041.SH,20250116,147.01,147.81,132.63,132.65,147.02,-14.370000000000005,-9.77,515850.61,7111707.016
688041.SH,20250115,143.84,151.09,140.7,147.02,143.88,3.140000000000015,2.18,321410.98,4708994.718
688041.SH,20250114,145.33,146.37,138.11,143.88,143.23,0.6500000000000057,0.45,328297.93,4699483.49
688041.SH,20250113,146.52,146.52,141.09,143.23,146.52,-3.2900000000000205,-2.25,217896.59,3121265.214
688041.SH,20250110,148.94,153.48,146.45,146.52,148.02,-1.5,-1.01,326955.12,4892245.269
688041.SH,20250109,149.71,150.7,145.61,148.02,149.71,-1.6899999999999977,-1.13,209431.1,3106013.725
688041.SH,20250108,145.08,151.12,144.63,149.71,147.42,2.2900000000000205,1.55,328913.75,4877719.726
688041.SH,20250107,135.41,148.44,133.87,147.42,134.41,13.009999999999991,9.68,358284.73,5096022.844
688041.SH,20250106,137.58,141.63,133.17,134.41,135.45,-1.039999999999992,-0.77,199114.63,2719449.703
688041.SH,20250103,139.22,139.63,135.42,135.45,138.91,-3.460000000000008,-2.49,199195.39,2741766.652
688041.SH,20250102,148.12,149.29,137.25,138.91,149.61,-10.700000000000017,-7.15,386445.94,5449063.43
688041.SH,20241231,153.3,154.68,149.4,149.61,153.82,-4.2099999999999795,-2.74,224460.78,3396781.825
688041.SH,20241230,154.81,158.99,151.15,153.82,154.86,-1.0400000000000205,-0.67,275322.13,4270340.687
688041.SH,20241227,158.99,160.48,154.6,154.86,158.99,-4.1299999999999955,-2.6,310318.59,4904550.635
688041.SH,20241226,154.81,160.41,154.32,158.99,156.41,2.5800000000000125,1.65,361541.65,5704294.979
688041.SH,20241225,147.32,161.03,147.32,156.41,140.58,15.829999999999984,11.26,486734.33,7606391.118
688041.SH,20241224,138.32,141.04,134.34,140.58,136.54,4.0400000000000205,2.96,325398.14,4488752.108
688041.SH,20241223,131.93,141.33,130.9,136.54,130.9,5.639999999999986,4.31,497680.4,6872295.632
688041.SH,20241220,127.85,133.12,127.63,130.9,128.63,2.2700000000000102,1.76,331843.63,4349429.405
688041.SH,20241219,120.41,130.73,119.38,128.63,121.06,7.569999999999993,6.25,335197.17,4248731.813
688041.SH,20241218,121.35,122.71,120.57,121.06,121.66,-0.5999999999999943,-0.49,143084.66,1739968.744
688041.SH,20241217,123.35,123.74,121.27,121.66,123.27,-1.6099999999999994,-1.31,114271.36,1400080.159
688041.SH,20241216,121.86,124.75,119.36,123.27,123.66,-0.39000000000000057,-0.32,161535.04,1983537.6
688041.SH,20241213,125.14,127.71,123.25,123.66,126.65,-2.990000000000009,-2.36,200891.17,2512476.343
688041.SH,20241212,123.73,127.53,123.65,126.65,124.23,2.4200000000000017,1.95,158256.41,1992953.428
688041.SH,20241211,129.24,130.26,123.73,124.23,130.14,-5.909999999999982,-4.54,252691.14,3178328.581
688041.SH,20241210,136.84,137.72,129.85,130.14,128.84,1.299999999999983,1.01,246687.77,3284302.074
688041.SH,20241209,129.83,130.6,127.12,128.84,129.65,-0.8100000000000023,-0.62,140262.47,1807958.204
688041.SH,20241206,128.45,132.24,126.15,129.65,127.87,1.7800000000000011,1.39,183892.73,2379502.664
688041.SH,20241205,127.45,129.64,126.61,127.87,128.74,-0.8700000000000045,-0.68,152784.65,1952056.238
688041.SH,20241204,128.36,133.54,126.85,128.74,125.22,3.5200000000000102,2.81,302521.23,3927942.877
688041.SH,20241203,127.5,127.72,123.64,125.22,126.74,-1.519999999999996,-1.2,159044.01,2004001.476
688041.SH,20241202,126.3,130.17,125.89,126.74,125.66,1.0799999999999983,0.86,183856.4,2352106.582
688041.SH,20241129,125.46,128.85,122.95,125.66,125.85,-0.18999999999999773,-0.15,213074.53,2691220.262
688041.SH,20241128,123.8,128.65,122.29,125.85,123.05,2.799999999999997,2.28,213448.84,2697715.247
688041.SH,20241127,116.76,123.65,116.16,123.05,117.96,5.090000000000003,4.32,208359.93,2525283.702
688041.SH,20241126,117.83,119.31,116.97,117.96,118.12,-0.1600000000000108,-0.14,124717.61,1477502.87
688041.SH,20241125,123.9,125.05,116.03,118.12,123.75,-5.6299999999999955,-4.55,280936.48,3338292.52
688041.SH,20241122,128.55,132.06,123.02,123.75,128.35,-4.599999999999994,-3.58,257154.58,3291711.791
688041.SH,20241121,125.45,131.28,125.36,128.35,126.39,1.9599999999999937,1.55,260849.75,3367446.92
688041.SH,20241120,127.06,129.59,124.95,126.39,127.05,-0.6599999999999966,-0.52,197065.99,2500334.604
688041.SH,20241119,123.07,127.63,122.22,127.05,122.96,4.090000000000003,3.33,216128.36,2702243.036
688041.SH,20241118,122.75,126.64,121.2,122.96,121.75,1.2099999999999937,0.99,252104.01,3119928.327
688041.SH,20241115,126.06,128.46,121.75,121.75,126.55,-4.799999999999997,-3.79,231038.05,2891839.474
688041.SH,20241114,129.64,132.74,126.23,126.55,131.35,-4.799999999999997,-3.65,295969.01,3833863.24
688041.SH,20241113,127.29,132.74,126.95,131.35,129.26,2.0900000000000034,1.62,285141.84,3719590.399
688041.SH,20241112,135.84,137.23,129.17,129.26,138.88,-9.620000000000005,-6.93,447249.08,5922228.426
688041.SH,20241111,133.34,142.8,130.94,138.88,136.83,2.049999999999983,1.5,577104.12,7782626.091
688041.SH,20241108,145.71,149.62,135.53,136.83,141.58,-4.75,-3.35,496635.5,7130097.685
688041.SH,20241107,131.84,143.82,130.84,141.58,133.03,8.550000000000011,6.43,381192.47,5273647.359
688041.SH,20241106,131.08,136.79,127.25,133.03,129.13,3.9000000000000057,3.02,354282.68,4684275.606
688041.SH,20241105,123.85,131.34,123.2,129.13,124.3,4.829999999999998,3.89,330889.7,4266204.172
688041.SH,20241104,121.84,124.69,121.35,124.3,123.73,0.5699999999999932,0.46,201417.49,2479943.695
688041.SH,20241101,126.85,129.54,123.66,123.73,128.27,-4.540000000000006,-3.54,265038.45,3347434.258
688041.SH,20241031,125.5,129.62,124.23,128.27,125.04,3.230000000000004,2.58,345717.86,4418374.094
688041.SH,20241030,124.65,128.41,123.86,125.04,126.38,-1.3399999999999892,-1.06,269485.98,3395250.062
688041.SH,20241029,123.18,132.01,121.45,126.38,122.42,3.9599999999999937,3.23,385735.19,4901726.637
688041.SH,20241028,120.86,124.06,120.34,122.42,121.85,0.5700000000000074,0.47,195496.56,2388163.763
688041.SH,20241025,125.73,125.81,120.51,121.85,123.65,-1.8000000000000114,-1.46,249737.41,3064962.783
688041.SH,20241024,122.37,126.2,121.86,123.65,124.87,-1.2199999999999989,-0.98,213963.57,2665221.788
688041.SH,20241023,126.85,129.35,124.51,124.87,127.96,-3.089999999999989,-2.41,301782.49,3840140.979
688041.SH,20241022,127.85,131.84,124.85,127.96,131.14,-3.1799999999999926,-2.42,371905.35,4780590.502
688041.SH,20241021,135.84,146.7,128.91,131.14,132.83,-1.6900000000000261,-1.27,674367.76,9145134.078
688041.SH,20241018,116.86,138.72,115.01,132.83,116.04,16.790000000000006,14.47,599977.61,7608761.534
688041.SH,20241017,121.79,121.85,116.04,116.04,113.43,2.6099999999999994,2.3,331505.93,3946806.167
688041.SH,20241016,114.86,117.85,112.86,113.43,116.86,-3.4299999999999926,-2.94,251678.29,2892499.503
688041.SH,20241015,123.85,124.15,116.85,116.86,124.05,-7.189999999999998,-5.8,357803.23,4309667.575
688041.SH,20241014,124.84,125.35,116.31,124.05,123.55,0.5,0.4,427109.57,5213762.423
688041.SH,20241011,124.87,130.63,121.07,123.55,130.87,-7.320000000000007,-5.59,388576.37,4864269.342
688041.SH,20241010,133.82,143.83,119.18,130.87,130.84,0.030000000000001137,0.02,579162.04,7622190.354
688041.SH,20241009,120.05,148.52,117.86,130.84,123.79,7.049999999999997,5.7,780965.14,10386989.328
688041.SH,20241008,123.79,123.79,117.86,123.79,103.16,20.63000000000001,20.0,472488.99,5827866.051
688041.SH,20240930,89.98,103.16,89.97,103.16,85.99,17.17,19.97,441844.21,4307718.812
688041.SH,20240927,81.9,86.69,81.1,85.99,80.89,5.099999999999994,6.3,125666.67,1055011.43
688041.SH,20240926,78.71,81.08,77.66,80.89,78.66,2.230000000000004,2.83,176564.7,1403529.574
688041.SH,20240925,79.33,79.9,78.41,78.66,78.03,0.6299999999999955,0.81,156928.98,1244426.784
688041.SH,20240924,76.58,78.96,75.52,78.03,75.42,2.6099999999999994,3.46,167292.06,1297123.362
688041.SH,20240923,75.02,76.26,74.54,75.42,75.83,-0.4099999999999966,-0.54,71436.29,539367.219
688041.SH,20240920,75.91,76.1,74.31,75.83,75.83,0.0,0.0,87770.17,661563.028
688041.SH,20240919,75.56,76.18,73.81,75.83,74.64,1.1899999999999977,1.59,93656.56,705214.748
688041.SH,20240918,77.01,77.27,74.19,74.64,77.89,-3.25,-4.17,105737.57,795802.289
688041.SH,20240913,75.99,78.63,75.99,77.89,76.01,1.8799999999999955,2.47,123867.18,959933.047
688041.SH,20240912,79.5,79.99,75.93,76.01,79.11,-3.0999999999999943,-3.92,106552.35,828398.601
688041.SH,20240911,78.41,79.47,78.26,79.11,78.81,0.29999999999999716,0.38,81207.85,641640.269
688041.SH,20240910,76.31,79.78,75.94,78.81,76.31,2.5,3.28,123113.93,965438.312
688041.SH,20240909,75.91,77.93,75.63,76.31,76.09,0.21999999999999886,0.29,80203.41,617417.369
688041.SH,20240906,75.11,78.18,73.91,76.09,74.61,1.480000000000004,1.98,112578.18,865599.166
688041.SH,20240905,76.48,78.09,73.71,74.61,76.38,-1.769999999999996,-2.32,113125.44,857154.56
688041.SH,20240904,76.24,77.19,76.01,76.38,77.23,-0.8500000000000085,-1.1,52525.24,402902.677
688041.SH,20240903,77.78,78.78,77.01,77.23,77.78,-0.5499999999999972,-0.71,74772.79,582441.255
688041.SH,20240902,78.82,80.23,77.69,77.78,79.3,-1.519999999999996,-1.92,117766.52,930756.326
688041.SH,20240830,75.1,79.9,74.71,79.3,74.91,4.390000000000001,5.86,210509.96,1651689.396
688041.SH,20240829,74.31,75.74,73.32,74.91,74.62,0.28999999999999204,0.39,68633.27,513332.814
688041.SH,20240828,75.5,75.8,74.38,74.62,75.21,-0.5899999999999892,-0.78,55231.33,413817.829
688041.SH,20240827,74.34,75.96,74.11,75.21,74.79,0.4199999999999875,0.56,62227.49,468393.834
688041.SH,20240826,76.16,76.91,74.57,74.79,76.16,-1.3699999999999903,-1.8,73785.77,556857.411
688041.SH,20240823,76.76,77.6,75.41,76.16,77.21,-1.0499999999999972,-1.36,96135.52,733067.45
688041.SH,20240822,76.71,78.11,76.46,77.21,76.89,0.3199999999999932,0.42,103492.74,801791.548
688041.SH,20240821,75.01,78.01,75.01,76.89,75.56,1.3299999999999983,1.76,93962.66,721863.167
688041.SH,20240820,77.21,77.29,75.21,75.56,76.75,-1.1899999999999977,-1.55,74906.02,569501.803
688041.SH,20240819,76.89,78.14,76.42,76.75,76.75,0.0,0.0,79379.11,613971.104
688041.SH,20240816,76.5,77.57,76.28,76.75,76.51,0.23999999999999488,0.31,93718.78,721759.991
688041.SH,20240815,73.39,77.91,72.96,76.51,73.48,3.030000000000001,4.12,190433.05,1454000.595
688041.SH,20240814,74.0,74.56,73.17,73.48,73.42,0.060000000000002274,0.08,74669.31,552642.16
688041.SH,20240813,73.7,74.89,72.81,73.42,73.61,-0.18999999999999773,-0.26,75860.31,559439.748
688041.SH,20240812,71.87,74.05,71.61,73.61,71.92,1.6899999999999977,2.35,95286.96,698342.34
688041.SH,20240809,73.31,73.68,71.92,71.92,72.29,-0.37000000000000455,-0.51,78698.45,573237.821
688041.SH,20240808,70.62,73.34,70.43,72.29,71.55,0.7400000000000091,1.03,93052.99,671568.693
688041.SH,20240807,74.78,74.79,71.09,71.55,74.78,-3.230000000000004,-4.32,123435.76,900251.621
688041.SH,20240806,75.09,75.31,72.72,74.78,73.72,1.0600000000000023,1.44,108730.47,804589.61
688041.SH,20240805,77.41,77.41,73.36,73.72,77.88,-4.159999999999997,-5.34,183512.32,1373632.865
688041.SH,20240802,78.11,79.32,77.48,77.88,79.56,-1.6800000000000068,-2.11,131090.15,1029558.555
688041.SH,20240801,80.91,81.2,79.02,79.56,79.4,0.1599999999999966,0.2,168352.42,1344851.667
688041.SH,20240731,74.46,79.77,74.31,79.4,74.91,4.490000000000009,5.99,214188.91,1670244.437
688041.SH,20240730,73.64,74.97,72.4,74.91,73.76,1.1499999999999915,1.56,109025.38,806518.603
688041.SH,20240729,74.42,74.57,72.99,73.76,74.22,-0.45999999999999375,-0.62,82205.94,607072.548
688041.SH,20240726,75.03,75.8,73.64,74.22,74.71,-0.4899999999999949,-0.66,107201.59,800180.307
688041.SH,20240725,74.21,76.4,74.21,74.71,75.35,-0.6400000000000006,-0.85,125217.43,943190.256
688041.SH,20240724,75.11,77.52,74.92,75.35,75.21,0.14000000000000057,0.19,147343.34,1122365.143
688041.SH,20240723,78.38,78.49,75.04,75.21,78.57,-3.3599999999999994,-4.28,166724.37,1281047.586
688041.SH,20240722,78.13,80.08,77.79,78.57,78.13,0.4399999999999977,0.56,210274.24,1659704.837
688041.SH,20240719,74.92,79.07,74.84,78.13,75.27,2.8599999999999994,3.8,279541.82,2179008.992
688041.SH,20240718,75.26,76.4,73.01,75.27,76.53,-1.2600000000000051,-1.65,211911.95,1584205.794
688041.SH,20240717,77.24,78.57,75.97,76.53,77.75,-1.2199999999999989,-1.57,198115.85,1528245.002
688041.SH,20240716,71.43,78.46,71.43,77.75,71.91,5.840000000000003,8.12,337559.98,2555250.946
688041.SH,20240715,70.6,72.86,70.6,71.91,70.51,1.3999999999999915,1.99,144289.6,1041696.174
688041.SH,20240712,71.99,72.21,69.68,70.51,72.9,-2.3900000000000006,-3.28,143735.9,1014855.334
688041.SH,20240711,74.36,74.51,71.93,72.9,72.73,0.1700000000000017,0.23,145925.28,1068572.219
688041.SH,20240710,72.87,73.2,72.19,72.73,73.02,-0.28999999999999204,-0.4,98055.53,713310.286
688041.SH,20240709,70.52,73.58,69.97,73.02,70.9,2.1199999999999903,2.99,159530.52,1151723.78
688041.SH,20240708,71.38,71.63,70.44,70.9,71.41,-0.5099999999999909,-0.71,87963.49,625175.797
688041.SH,20240705,68.82,72.31,67.64,71.41,68.84,2.569999999999993,3.73,174180.59,1222035.298
688041.SH,20240704,71.49,71.61,68.83,68.84,71.11,-2.269999999999996,-3.19,109672.22,764551.07
688041.SH,20240703,70.52,71.89,69.63,71.11,70.96,0.15000000000000568,0.21,92464.31,656039.588
688041.SH,20240702,70.02,71.16,69.44,70.96,70.39,0.5699999999999932,0.81,88612.27,624386.005
688041.SH,20240701,70.12,71.21,69.01,70.39,70.24,0.15000000000000568,0.21,87961.44,617804.119
688041.SH,20240628,70.44,71.81,70.15,70.24,70.97,-0.730000000000004,-1.03,99405.13,706441.684
688041.SH,20240627,71.61,72.09,70.43,70.97,72.56,-1.5900000000000034,-2.19,99620.66,708657.419
688041.SH,20240626,71.07,73.01,69.84,72.56,71.07,1.490000000000009,2.1,139498.96,997601.372
688041.SH,20240625,73.54,73.9,70.46,71.07,73.53,-2.460000000000008,-3.35,167826.13,1203261.628
688041.SH,20240624,75.86,76.87,73.24,73.5,76.61,-3.1099999999999994,-4.06,169830.06,1278723.727
688041.SH,20240621,74.54,76.61,72.88,76.61,74.77,1.8400000000000034,2.46,237825.9,1786831.212
688041.SH,20240620,75.19,75.93,74.04,74.77,75.19,-0.4200000000000017,-0.56,154014.4,1157915.511
688041.SH,20240619,74.57,76.03,74.03,75.19,74.5,0.6899999999999977,0.93,141972.43,1066250.298
688041.SH,20240618,73.38,76.62,73.0,74.5,73.33,1.1700000000000017,1.6,182900.83,1375843.691
688041.SH,20240617,72.57,74.43,72.14,73.33,72.91,0.4200000000000017,0.58,167036.99,1233868.862
688041.SH,20240614,71.48,72.91,70.75,72.91,71.71,1.2000000000000028,1.67,188002.01,1362123.974
688041.SH,20240613,71.26,72.7,70.47,71.71,70.71,1.0,1.41,177967.15,1285763.633
688041.SH,20240612,70.78,71.73,70.28,70.71,71.19,-0.480000000000004,-0.67,115517.89,822480.241
688041.SH,20240611,67.82,71.24,67.28,71.19,67.92,3.269999999999996,4.81,176392.27,1228446.787
688041.SH,20240607,69.36,69.93,67.09,67.92,69.08,-1.1599999999999966,-1.68,139389.97,955227.352
688041.SH,20240606,71.46,71.88,68.08,69.08,70.64,-1.5600000000000023,-2.21,146414.47,1034666.113
688041.SH,20240605,71.31,72.56,70.64,70.64,71.31,-0.6700000000000017,-0.94,98931.32,710794.019
688041.SH,20240604,70.87,71.66,70.52,71.31,70.88,0.4300000000000068,0.61,97349.92,694799.12
688041.SH,20240603,70.29,71.25,69.63,70.88,71.07,-0.18999999999999773,-0.27,128385.09,908579.01
688041.SH,20240531,69.78,71.28,68.99,71.07,69.29,1.779999999999987,2.57,123476.12,870882.762
688041.SH,20240530,68.99,70.35,68.41,69.29,69.32,-0.029999999999986926,-0.04,109962.17,765472.088
688041.SH,20240529,70.7,70.76,68.66,69.32,70.16,-0.8400000000000034,-1.2,107864.1,753231.704
688041.SH,20240528,70.67,73.07,70.16,70.16,70.43,-0.27000000000001023,-0.38,166417.87,1193879.997
688041.SH,20240527,67.78,70.52,67.68,70.43,67.46,2.970000000000013,4.4,179737.26,1247075.28
688041.SH,20240524,71.09,71.85,67.4,67.46,71.09,-3.6300000000000097,-5.11,200136.99,1391700.49
688041.SH,20240523,72.51,72.65,70.82,71.09,72.28,-1.1899999999999977,-1.65,103623.83,742426.678
688041.SH,20240522,71.67,72.56,70.57,72.28,71.79,0.4899999999999949,0.68,125169.93,898364.211
688041.SH,20240521,73.86,74.55,71.65,71.79,73.63,-1.8399999999999892,-2.5,126299.22,924331.115
688041.SH,20240520,73.2,75.03,72.38,73.63,73.63,0.0,0.0,139248.55,1029144.55
688041.SH,20240517,71.96,74.13,71.21,73.63,72.31,1.3199999999999932,1.83,174433.18,1278904.908
688041.SH,20240516,71.75,73.49,70.87,72.31,70.95,1.3599999999999994,1.92,193433.0,1403303.677
688041.SH,20240515,71.47,71.89,70.8,70.95,71.47,-0.519999999999996,-0.73,97411.33,695527.038
688041.SH,20240514,72.19,72.76,70.77,71.47,71.79,-0.3200000000000074,-0.45,137633.93,990712.129
688041.SH,20240513,71.27,73.04,71.15,71.79,72.67,-0.8799999999999955,-1.21,155427.38,1119601.351
688041.SH,20240510,75.77,75.87,72.47,72.67,76.32,-3.6499999999999915,-4.78,192429.56,1417481.164
688041.SH,20240509,75.77,76.83,75.26,76.32,76.12,0.19999999999998863,0.26,160222.91,1224724.228
688041.SH,20240508,75.96,77.0,75.27,76.12,76.34,-0.21999999999999886,-0.29,114604.61,875889.903
688041.SH,20240507,79.26,80.42,76.26,76.34,78.99,-2.6499999999999915,-3.35,194866.13,1522555.442
688041.SH,20240506,80.24,80.7,78.55,78.99,79.0,-0.010000000000005116,-0.01,113491.44,902467.776
688041.SH,20240430,79.83,80.32,78.33,79.0,79.67,-0.6700000000000017,-0.84,120800.6,960052.136
688041.SH,20240429,79.59,81.02,78.92,79.67,78.91,0.7600000000000051,0.96,203639.7,1634066.411
688041.SH,20240426,75.79,79.41,75.79,78.91,74.46,4.450000000000003,5.98,235701.4,1853724.362
688041.SH,20240425,74.34,75.24,73.94,74.46,75.05,-0.5900000000000034,-0.79,89281.77,667327.935
688041.SH,20240424,72.37,75.39,72.24,75.05,71.39,3.6599999999999966,5.13,183057.69,1356329.266
688041.SH,20240423,73.78,74.24,71.22,71.39,73.12,-1.730000000000004,-2.37,130591.74,943766.113
688041.SH,20240422,72.03,74.09,70.08,73.12,75.26,-2.1400000000000006,-2.84,158146.34,1150006.09
688041.SH,20240419,78.75,78.88,75.26,75.26,79.05,-3.789999999999992,-4.79,173370.44,1332471.288
688041.SH,20240418,78.98,81.02,78.23,79.05,79.78,-0.730000000000004,-0.92,168550.15,1345737.023
688041.SH,20240417,78.05,80.41,76.95,79.78,77.6,2.180000000000007,2.81,196438.22,1561786.178
688041.SH,20240416,77.75,78.55,76.14,77.6,78.41,-0.8100000000000023,-1.03,145686.5,1130819.667
688041.SH,20240415,77.35,79.25,76.74,78.41,77.74,0.6700000000000017,0.86,196783.14,1542971.195
688041.SH,20240412,77.36,79.5,76.42,77.74,73.77,3.969999999999999,5.38,321588.82,2517739.978
688041.SH,20240411,73.32,74.66,72.32,73.77,73.32,0.45000000000000284,0.61,132246.18,977372.212
688041.SH,20240410,75.06,75.35,72.95,73.32,75.55,-2.230000000000004,-2.95,106467.29,788311.245
688041.SH,20240409,74.02,75.62,72.48,75.55,73.77,1.7800000000000011,2.41,123242.4,916139.102
688041.SH,20240408,74.26,75.31,73.76,73.77,74.26,-0.4900000000000091,-0.66,105907.64,791323.435
688041.SH,20240403,76.07,76.96,74.09,74.26,77.01,-2.75,-3.57,169568.66,1275600.414
688041.SH,20240402,77.75,78.87,76.26,77.01,78.23,-1.2199999999999989,-1.56,127375.42,988344.512
688041.SH,20240401,78.14,79.57,77.35,78.23,77.01,1.2199999999999989,1.58,132288.36,1042146.631
688041.SH,20240329,76.15,77.32,75.14,77.01,76.55,0.46000000000000796,0.6,107268.67,817886.041
688041.SH,20240328,75.29,78.25,74.97,76.55,74.99,1.5600000000000023,2.08,180420.79,1389229.683
688041.SH,20240327,76.07,77.92,74.26,74.99,76.05,-1.0600000000000023,-1.39,167179.68,1275544.76
688041.SH,20240326,79.84,80.45,75.84,76.05,80.24,-4.189999999999998,-5.22,258506.36,2007755.103
688041.SH,20240325,79.84,82.83,79.2,80.24,79.86,0.37999999999999545,0.48,248612.92,2030109.301
688041.SH,20240322,78.65,81.14,78.65,79.86,78.97,0.8900000000000006,1.13,197840.91,1582876.561
688041.SH,20240321,80.04,81.24,78.63,78.97,79.93,-0.960000000000008,-1.2,166736.68,1334364.701
688041.SH,20240320,80.39,81.44,79.55,79.93,80.39,-0.45999999999999375,-0.57,154361.92,1244508.73
688041.SH,20240319,82.24,82.24,80.24,80.39,82.92,-2.530000000000001,-3.05,215841.27,1754165.141
688041.SH,20240318,80.42,84.02,80.11,82.92,80.44,2.480000000000004,3.08,326225.92,2700434.366
688041.SH,20240315,79.8,80.44,78.25,80.44,80.49,-0.04999999999999716,-0.06,217061.81,1729629.527
688041.SH,20240314,78.45,81.04,78.15,80.49,79.45,1.039999999999992,1.31,210811.83,1687129.197
688041.SH,20240313,81.12,82.29,79.41,79.45,79.74,-0.28999999999999204,-0.36,235027.09,1904133.809
688041.SH,20240312,82.74,83.23,79.32,79.74,83.54,-3.8000000000000114,-4.55,296023.49,2398647.731
688041.SH,20240311,81.94,84.53,80.85,83.54,82.04,1.5,1.83,274533.12,2284218.069
688041.SH,20240308,81.15,82.33,79.52,82.04,80.64,1.4000000000000057,1.74,280097.51,2278499.266
688041.SH,20240307,84.33,85.0,80.49,80.64,84.15,-3.510000000000005,-4.17,297081.96,2445734.165
688041.SH,20240306,84.73,85.54,82.72,84.15,86.02,-1.8699999999999903,-2.17,271997.88,2293979.459
688041.SH,20240305,84.55,89.97,83.86,86.02,86.0,0.01999999999999602,0.02,396057.83,3460218.8
688041.SH,20240304,88.82,89.47,83.58,86.0,87.21,-1.2099999999999937,-1.39,330294.82,2845580.074
688041.SH,20240301,86.05,88.05,84.81,87.21,84.85,2.3599999999999994,2.78,317467.87,2754471.321
688041.SH,20240229,82.24,86.7,82.24,84.85,83.01,1.8399999999999892,2.22,339722.53,2883976.276
688041.SH,20240228,86.82,89.04,83.01,83.01,87.72,-4.709999999999994,-5.37,348089.26,2999120.564
688041.SH,20240227,81.04,88.34,80.47,87.72,81.89,5.829999999999998,7.12,378336.74,3243611.525
688041.SH,20240226,79.92,84.34,79.53,81.89,81.14,0.75,0.92,256124.76,2126130.271
688041.SH,20240223,85.96,86.67,80.44,81.14,82.57,-1.4299999999999926,-1.73,264035.04,2192990.259
688041.SH,20240222,82.24,85.99,81.51,82.57,79.51,3.059999999999988,3.85,287396.1,2399914.627
688041.SH,20240221,79.96,81.5,78.17,79.51,82.13,-2.6199999999999903,-3.19,244413.6,1958774.495
688041.SH,20240220,83.94,84.63,81.18,82.13,85.73,-3.6000000000000085,-4.2,246961.97,2049873.33
688041.SH,20240219,80.34,88.04,78.77,85.73,76.48,9.25,12.09,357711.66,2944211.397
688041.SH,20240208,76.75,79.31,74.95,76.48,75.51,0.9699999999999989,1.28,218635.27,1690034.262
688041.SH,20240207,76.36,76.81,74.46,75.51,76.06,-0.5499999999999972,-0.72,218299.86,1658235.928
688041.SH,20240206,69.32,76.13,67.86,76.06,69.48,6.579999999999998,9.47,260864.48,1894171.127
688041.SH,20240205,68.3,70.8,65.4,69.48,68.1,1.3800000000000097,2.03,228998.31,1567191.945
688041.SH,20240202,68.68,69.21,65.08,68.1,68.68,-0.5800000000000125,-0.84,188553.6,1279554.319
688041.SH,20240201,65.29,70.9,64.79,68.68,66.06,2.6200000000000045,3.97,198579.14,1367573.339
688041.SH,20240131,64.49,67.98,64.38,66.06,65.14,0.9200000000000017,1.41,182195.27,1214352.925
688041.SH,20240130,68.44,68.71,64.79,65.14,69.78,-4.640000000000001,-6.65,194771.53,1301376.916
688041.SH,20240129,71.92,74.43,69.61,69.78,70.4,-0.6200000000000045,-0.88,208447.95,1510959.914
688041.SH,20240126,72.28,72.93,70.14,70.4,72.97,-2.569999999999993,-3.52,148267.65,1059911.802
688041.SH,20240125,72.67,73.77,70.67,72.97,72.67,0.29999999999999716,0.41,180306.14,1309896.316
688041.SH,20240124,71.88,73.36,69.66,72.67,72.87,-0.20000000000000284,-0.27,181148.19,1302639.457
688041.SH,20240123,69.29,73.28,67.28,72.87,70.17,2.700000000000003,3.85,220122.2,1559993.94
688041.SH,20240122,70.31,71.46,68.06,70.17,69.61,0.5600000000000023,0.8,206110.13,1453610.135
688041.SH,20240119,69.64,69.98,67.76,69.61,69.67,-0.060000000000002274,-0.09,157074.83,1089238.453
688041.SH,20240118,64.79,69.74,64.65,69.67,65.56,4.109999999999999,6.27,240219.61,1621680.655
688041.SH,20240117,66.39,67.33,65.35,65.56,66.01,-0.45000000000000284,-0.68,122307.74,815949.888
688041.SH,20240116,65.15,66.22,64.22,66.01,65.79,0.21999999999999886,0.33,127972.3,836506.352
688041.SH,20240115,64.59,67.23,64.4,65.79,65.2,0.5900000000000034,0.9,135874.06,900021.975
688041.SH,20240112,67.94,68.22,65.2,65.2,68.58,-3.3799999999999955,-4.93,173561.58,1151765.768
688041.SH,20240111,66.92,69.55,66.85,68.58,67.77,0.8100000000000023,1.2,137062.53,936648.074
688041.SH,20240110,68.39,70.16,66.82,67.77,68.95,-1.1800000000000068,-1.71,107890.89,740741.169
688041.SH,20240109,69.28,70.57,68.08,68.95,68.19,0.7600000000000051,1.11,127673.03,886795.99
688041.SH,20240108,70.76,71.31,68.17,68.19,71.5,-3.3100000000000023,-4.63,151712.22,1052610.7
688041.SH,20240105,73.87,74.73,70.35,71.5,74.66,-3.1599999999999966,-4.23,167217.88,1216569.64
688041.SH,20240104,71.52,74.91,69.08,74.66,72.44,2.219999999999999,3.06,204563.81,1468248.932
688041.SH,20240103,73.27,73.93,71.54,72.44,72.13,0.3100000000000023,0.43,165338.16,1204854.496
688041.SH,20240102,70.54,73.16,69.91,72.13,70.75,1.3799999999999955,1.95,181748.08,1313318.659
688041.SH,20231229,70.28,71.51,69.14,70.75,70.09,0.6599999999999966,0.94,219039.03,1541728.336
688041.SH,20231228,69.83,71.7,69.59,70.09,70.26,-0.1700000000000017,-0.24,204729.85,1450645.926
688041.SH,20231227,71.02,72.35,70.18,70.26,70.77,-0.5099999999999909,-0.72,148751.37,1065244.586
688041.SH,20231226,72.62,72.9,70.14,70.77,72.38,-1.6099999999999994,-2.22,172329.35,1229348.251
688041.SH,20231225,73.97,74.7,67.45,72.38,75.07,-2.6899999999999977,-3.58,254577.18,1824651.225
688041.SH,20231222,76.56,77.35,74.09,75.07,76.92,-1.8500000000000085,-2.41,191685.35,1454708.271
688041.SH,20231221,73.47,78.4,73.19,76.92,74.28,2.6400000000000006,3.55,233812.58,1784396.689
688041.SH,20231220,75.83,76.26,74.06,74.28,75.86,-1.5799999999999983,-2.08,164958.09,1238490.903
688041.SH,20231219,74.63,76.43,73.87,75.86,74.99,0.8700000000000045,1.16,192241.73,1453616.536
688041.SH,20231218,73.11,76.14,73.1,74.99,73.6,1.3900000000000006,1.89,212589.09,1596251.319
688041.SH,20231215,75.67,76.07,73.42,73.6,75.36,-1.7600000000000051,-2.34,207832.37,1548883.737
688041.SH,20231214,77.88,78.29,74.84,75.36,77.4,-2.0400000000000063,-2.64,247977.21,1902930.908
688041.SH,20231213,80.73,81.18,76.56,77.4,80.41,-3.009999999999991,-3.74,342390.72,2682237.737
688041.SH,20231212,80.87,83.34,79.45,80.41,81.96,-1.5499999999999972,-1.89,322400.35,2619859.188
688041.SH,20231211,77.76,83.23,77.25,81.96,80.08,1.8799999999999955,2.35,477018.98,3872866.571
688041.SH,20231208,73.75,81.74,73.66,80.08,72.93,7.1499999999999915,9.8,987023.87,7764774.982
688041.SH,20231207,74.75,75.14,71.73,72.93,75.35,-2.4199999999999875,-3.21,492648.75,3651335.217
688041.SH,20231206,72.62,75.54,72.17,75.35,72.62,2.7299999999999898,3.76,422804.89,3165862.223
688041.SH,20231205,71.32,74.04,70.15,72.62,72.48,0.14000000000000057,0.19,334051.94,2425347.798
688041.SH,20231204,71.68,74.26,71.68,72.48,71.67,0.8100000000000023,1.13,262403.79,1919797.913
688041.SH,20231201,70.97,73.23,70.66,71.67,71.54,0.12999999999999545,0.18,250202.41,1803988.196
688041.SH,20231130,71.56,71.57,69.68,71.54,70.37,1.1700000000000017,1.66,339997.12,2416644.681
688041.SH,20231129,69.84,72.95,69.84,70.37,70.51,-0.14000000000000057,-0.2,365592.8,2639881.326
688041.SH,20231128,67.19,70.98,67.09,70.51,67.1,3.410000000000011,5.08,378978.32,2651735.45
688041.SH,20231127,63.8,67.14,63.51,67.1,63.23,3.8699999999999974,6.12,310793.51,2049612.534
688041.SH,20231124,66.59,67.15,62.59,63.23,67.1,-3.8699999999999974,-5.77,222852.29,1438381.245
688041.SH,20231123,66.94,67.45,63.91,67.1,67.12,-0.020000000000010232,-0.03,198728.69,1313221.413
688041.SH,20231122,66.91,68.76,66.19,67.12,66.89,0.23000000000000398,0.34,192638.67,1302478.596
688041.SH,20231121,67.63,68.36,66.59,66.89,67.97,-1.0799999999999983,-1.59,150132.98,1014206.481
688041.SH,20231120,65.61,68.43,65.07,67.97,65.91,2.0600000000000023,3.13,247749.36,1662805.52
688041.SH,20231117,65.64,67.01,64.62,65.91,66.01,-0.10000000000000853,-0.15,157284.19,1036339.936
688041.SH,20231116,66.99,68.02,66.01,66.01,67.2,-1.1899999999999977,-1.77,164051.6,1103171.969
688041.SH,20231115,69.01,69.61,66.61,67.2,68.32,-1.1199999999999903,-1.64,237431.32,1615582.03
688041.SH,20231114,65.19,68.78,64.7,68.32,65.19,3.1299999999999955,4.8,338872.91,2282900.894
688041.SH,20231113,64.63,66.19,63.91,65.19,64.81,0.37999999999999545,0.59,214857.36,1403277.754
688041.SH,20231110,63.5,66.02,63.38,64.81,64.79,0.01999999999999602,0.03,296127.89,1919972.326
688041.SH,20231109,67.79,69.28,64.59,64.79,68.58,-3.789999999999992,-5.53,390719.14,2607236.733
688041.SH,20231108,69.58,71.03,66.86,68.58,67.75,0.8299999999999983,1.23,405713.39,2808844.495
688041.SH,20231107,65.69,68.54,64.69,67.75,65.69,2.0600000000000023,3.14,373868.26,2498096.507
688041.SH,20231106,67.18,67.79,65.45,65.69,66.44,-0.75,-1.13,378860.99,2528372.12
688041.SH,20231103,63.45,66.56,63.18,66.44,64.17,2.269999999999996,3.54,325011.65,2125578.154
688041.SH,20231102,65.49,67.56,63.41,64.17,64.59,-0.4200000000000017,-0.65,344305.81,2262608.362
688041.SH,20231101,61.53,67.28,61.24,64.59,61.77,2.8200000000000003,4.57,393175.56,2539504.345
688041.SH,20231031,61.5,62.39,60.67,61.77,62.6,-0.8299999999999983,-1.33,223538.82,1380012.849
688041.SH,20231030,58.91,62.78,58.04,62.6,59.25,3.3500000000000014,5.65,374092.32,2280668.861
688041.SH,20231027,59.43,59.97,57.39,59.25,59.91,-0.6599999999999966,-1.1,293340.38,1729996.377
688041.SH,20231026,59.76,60.41,58.48,59.91,60.79,-0.8800000000000026,-1.45,319418.75,1906662.853
688041.SH,20231025,58.81,61.48,58.16,60.79,56.98,3.8100000000000023,6.69,440951.06,2643217.752
688041.SH,20231024,59.11,59.36,54.82,56.98,58.96,-1.980000000000004,-3.36,321806.26,1834154.735
688041.SH,20231023,58.43,60.95,56.7,58.96,59.03,-0.07000000000000028,-0.12,363852.61,2143923.578
688041.SH,20231020,58.87,60.51,57.4,59.03,58.87,0.1600000000000037,0.27,406446.1,2408901.48
688041.SH,20231019,54.69,60.72,54.69,58.87,55.33,3.539999999999999,6.4,602198.17,3554828.505
688041.SH,20231018,55.12,57.28,54.38,55.33,52.37,2.960000000000001,5.65,491304.38,2751036.144
688041.SH,20231017,52.03,52.93,51.47,52.37,51.72,0.6499999999999986,1.26,107680.4,563662.499
688041.SH,20231016,52.93,53.3,50.72,51.72,53.34,-1.6200000000000045,-3.04,144646.9,748741.963
688041.SH,20231013,54.26,54.87,52.65,53.34,54.82,-1.4799999999999969,-2.7,137100.44,739588.524
688041.SH,20231012,55.04,55.32,53.7,54.82,54.84,-0.020000000000003126,-0.04,154598.79,845739.422
688041.SH,20231011,53.95,55.37,52.71,54.84,53.77,1.0700000000000003,1.99,196309.37,1069933.782
688041.SH,20231010,53.41,54.43,53.04,53.77,52.89,0.8800000000000026,1.66,135037.57,727609.388
688041.SH,20231009,52.97,53.33,51.54,52.89,53.81,-0.9200000000000017,-1.71,115346.58,609064.53
688041.SH,20230928,54.1,54.42,52.94,53.81,53.83,-0.01999999999999602,-0.04,144473.41,779568.456
688041.SH,20230927,53.71,54.33,53.02,53.83,53.29,0.5399999999999991,1.01,140605.8,758220.242
688041.SH,20230926,52.49,54.93,52.26,53.29,52.4,0.8900000000000006,1.7,183875.65,988263.294
688041.SH,20230925,53.73,53.94,52.18,52.4,54.09,-1.6900000000000048,-3.12,148402.18,784746.304
688041.SH,20230922,51.04,54.29,50.94,54.09,51.14,2.950000000000003,5.77,244318.58,1299522.649
688041.SH,20230921,50.85,51.91,50.85,51.14,51.23,-0.0899999999999963,-0.18,95511.89,491244.775
688041.SH,20230920,51.83,53.31,51.12,51.23,51.9,-0.6700000000000017,-1.29,97983.17,513720.457
688041.SH,20230919,52.83,53.33,51.61,51.9,52.78,-0.8800000000000026,-1.67,92496.42,485551.62
688041.SH,20230918,51.92,53.39,51.78,52.78,52.68,0.10000000000000142,0.19,106029.54,560388.663
688041.SH,20230915,53.83,54.69,52.43,52.68,53.52,-0.8400000000000034,-1.57,130640.99,698712.051
688041.SH,20230914,55.31,55.42,53.08,53.52,55.15,-1.6299999999999955,-2.96,128240.06,691618.731
688041.SH,20230913,56.22,56.62,54.69,55.15,56.58,-1.4299999999999997,-2.53,126810.51,705047.062
688041.SH,20230912,57.8,58.38,56.54,56.58,58.11,-1.5300000000000011,-2.63,141017.61,808793.975
688041.SH,20230911,56.82,59.93,56.01,58.11,57.06,1.0499999999999972,1.84,209743.64,1215462.736
688041.SH,20230908,57.33,59.21,57.02,57.06,57.89,-0.8299999999999983,-1.43,153873.87,894313.739
688041.SH,20230907,59.34,59.91,57.75,57.89,59.81,-1.9200000000000017,-3.21,178645.64,1048733.81
688041.SH,20230906,57.72,60.29,57.42,59.81,57.94,1.8700000000000045,3.23,223471.29,1327644.968
688041.SH,20230905,62.2,62.24,57.94,57.94,60.91,-2.969999999999999,-4.88,261121.65,1564447.899
688041.SH,20230904,59.77,61.03,58.39,60.91,59.12,1.7899999999999991,3.03,226947.65,1359654.809
688041.SH,20230901,59.0,61.19,58.24,59.12,59.0,0.11999999999999744,0.2,273776.47,1632379.643
688041.SH,20230831,55.74,62.1,55.01,59.0,56.36,2.6400000000000006,4.68,390763.83,2303283.807
688041.SH,20230830,53.61,57.08,53.04,56.36,52.85,3.509999999999998,6.64,335652.99,1869644.697
688041.SH,20230829,50.34,53.32,49.82,52.85,50.61,2.240000000000002,4.43,250224.5,1304798.052
688041.SH,20230828,54.72,54.73,50.26,50.61,49.5,1.1099999999999994,2.24,221876.69,1144876.002
688041.SH,20230825,50.65,51.56,49.15,49.5,50.53,-1.0300000000000011,-2.04,141300.97,710519.264
688041.SH,20230824,50.84,51.61,50.34,50.53,49.74,0.7899999999999991,1.59,151574.27,775031.366
688041.SH,20230823,51.36,51.36,49.52,49.74,51.63,-1.8900000000000006,-3.66,130714.91,656538.918
688041.SH,20230822,51.19,51.99,49.72,51.63,50.18,1.4500000000000028,2.89,177671.58,909621.395
688041.SH,20230821,49.96,51.7,49.25,50.18,49.97,0.21000000000000085,0.42,159659.09,813694.589
688041.SH,20230818,50.84,51.52,49.97,49.97,50.52,-0.5500000000000043,-1.09,122533.49,623992.351
688041.SH,20230817,50.84,51.44,49.84,50.52,50.84,-0.3200000000000003,-0.63,175946.91,899287.682
688041.SH,20230816,52.71,52.71,50.64,50.84,52.43,-1.5899999999999963,-3.03,152339.96,783462.615
688041.SH,20230815,54.55,54.74,51.99,52.43,53.63,-1.2000000000000028,-2.24,234839.95,1242905.362
688041.SH,20230814,53.83,54.33,51.39,53.63,55.09,-1.4600000000000009,-2.65,361896.1,1926425.958
688041.SH,20230811,58.99,59.38,55.02,55.09,58.68,-3.5899999999999963,-6.12,173934.23,985642.213
688041.SH,20230810,59.86,61.75,58.31,58.68,60.81,-2.1300000000000026,-3.5,122085.49,728952.456
688041.SH,20230809,64.09,64.35,60.81,60.81,64.13,-3.319999999999993,-5.18,104315.57,649052.614
688041.SH,20230808,64.19,64.78,62.99,64.13,64.19,-0.060000000000002274,-0.09,71026.03,455870.051
688041.SH,20230807,63.1,64.77,62.8,64.19,63.32,0.8699999999999974,1.37,82211.61,526204.517
688041.SH,20230804,62.8,63.78,62.46,63.32,63.09,0.22999999999999687,0.36,93438.54,591661.494
688041.SH,20230803,59.91,64.1,59.9,63.09,60.53,2.5600000000000023,4.23,155646.96,978554.115
688041.SH,20230802,57.93,61.6,57.62,60.53,58.75,1.7800000000000011,3.03,149662.01,899763.612
688041.SH,20230801,56.94,58.76,55.52,58.75,56.91,1.8400000000000034,3.23,153727.34,886031.117
688041.SH,20230731,56.87,57.73,55.92,56.91,56.68,0.22999999999999687,0.41,84675.55,484713.2
688041.SH,20230728,56.92,57.81,56.53,56.68,57.1,-0.4200000000000017,-0.74,88720.94,508435.533
688041.SH,20230727,58.55,59.09,57.05,57.1,58.96,-1.8599999999999994,-3.15,105075.6,609313.464
688041.SH,20230726,60.38,60.81,58.61,58.96,60.21,-1.25,-2.08,94012.67,562052.872
688041.SH,20230725,61.77,62.25,59.43,60.21,61.0,-0.7899999999999991,-1.3,140437.34,852544.747
688041.SH,20230724,60.81,62.89,60.1,61.0,61.2,-0.20000000000000284,-0.33,106604.64,656575.846
688041.SH,20230721,67.72,67.72,60.83,61.2,68.31,-7.109999999999999,-10.41,238177.07,1514900.099
688041.SH,20230720,71.77,72.04,68.16,68.31,71.72,-3.4099999999999966,-4.75,94990.1,664159.604
688041.SH,20230719,73.01,73.98,71.46,71.72,72.93,-1.210000000000008,-1.66,76673.56,556797.12
688041.SH,20230718,75.69,76.0,72.8,72.93,75.86,-2.9299999999999926,-3.86,118006.74,875384.022
688041.SH,20230717,76.9,79.16,73.76,75.86,78.15,-2.2900000000000063,-2.93,159840.4,1216901.797
688041.SH,20230714,76.74,81.62,76.74,78.15,76.69,1.460000000000008,1.9,239559.61,1902695.159
688041.SH,20230713,76.26,77.16,73.76,76.69,74.7,1.9899999999999949,2.66,175701.71,1330724.777
688041.SH,20230712,78.05,78.75,74.26,74.7,77.55,-2.8499999999999943,-3.68,169900.48,1298320.853
688041.SH,20230711,70.94,79.58,70.94,77.55,70.13,7.420000000000002,10.58,331975.08,2548934.623
688041.SH,20230710,67.98,71.12,67.57,70.13,66.84,3.289999999999992,4.92,151905.78,1065375.41
688041.SH,20230707,68.68,69.24,66.6,66.84,69.28,-2.4399999999999977,-3.52,77719.18,525634.474
688041.SH,20230706,68.58,70.95,68.48,69.28,69.07,0.21000000000000796,0.3,80313.11,563850.22
688041.SH,20230705,70.94,71.27,68.99,69.07,70.92,-1.8500000000000085,-2.61,85040.15,596132.463
688041.SH,20230704,68.95,71.76,68.34,70.92,69.38,1.5400000000000063,2.22,135017.22,954630.972
688041.SH,20230703,67.89,70.23,65.8,69.38,68.05,1.3299999999999983,1.95,138116.13,947291.05
688041.SH,20230630,66.8,69.56,66.67,68.05,67.79,0.2599999999999909,0.38,125248.38,854641.0
688041.SH,20230629,69.78,70.25,66.49,67.79,69.78,-1.9899999999999949,-2.85,162624.8,1106648.462
688041.SH,20230628,72.77,73.76,68.7,69.78,68.5,1.2800000000000011,1.87,196349.99,1394122.617
688041.SH,20230627,69.17,70.28,68.38,68.5,69.22,-0.7199999999999989,-1.04,105260.61,731051.278
688041.SH,20230626,73.76,75.74,68.78,69.22,76.16,-6.939999999999998,-9.11,221069.5,1596289.025
688041.SH,20230621,81.86,82.04,76.16,76.16,83.7,-7.540000000000006,-9.01,212872.04,1689258.183
688041.SH,20230620,81.42,84.22,77.15,83.7,79.75,3.950000000000003,4.95,331393.41,2706173.197
688041.SH,20230619,76.7,80.58,75.04,79.75,76.83,2.9200000000000017,3.8,241796.51,1916087.808
688041.SH,20230616,74.74,77.27,71.78,76.83,75.54,1.289999999999992,1.71,214962.21,1620970.499
688041.SH,20230615,81.12,81.73,75.34,75.54,81.18,-5.640000000000001,-6.95,213407.75,1672718.318
688041.SH,20230614,79.46,82.38,77.76,81.22,80.52,0.7000000000000028,0.87,220665.44,1769091.881
688041.SH,20230613,78.57,82.06,73.65,80.52,78.14,2.3799999999999955,3.05,272893.25,2139524.403
688041.SH,20230612,77.54,80.84,77.5,78.14,77.56,0.5799999999999983,0.75,185232.19,1472847.161
688041.SH,20230609,77.22,78.18,72.83,77.56,77.0,0.5600000000000023,0.73,212915.4,1612836.717
688041.SH,20230608,78.25,78.4,75.36,77.0,79.63,-2.6299999999999955,-3.3,148334.34,1145108.065
688041.SH,20230607,79.07,80.75,76.92,79.63,79.14,0.4899999999999949,0.62,123554.07,981934.03
688041.SH,20230606,82.36,83.31,77.81,79.14,83.23,-4.090000000000003,-4.91,164927.08,1333447.694
688041.SH,20230605,82.84,84.18,82.02,83.23,82.93,0.29999999999999716,0.36,141310.72,1175834.142
688041.SH,20230602,87.72,88.6,81.95,82.93,87.02,-4.089999999999989,-4.7,263922.67,2225381.759
688041.SH,20230601,90.59,94.58,85.85,87.02,92.43,-5.410000000000011,-5.85,227506.06,2045455.742
688041.SH,20230531,89.66,93.22,89.02,92.43,90.63,1.8000000000000114,1.99,146773.56,1346237.817
688041.SH,20230530,84.74,91.71,84.37,90.63,86.09,4.539999999999992,5.27,187536.85,1665698.602
688041.SH,20230529,88.53,89.1,84.43,86.09,86.23,-0.14000000000000057,-0.16,171466.36,1492227.526
688041.SH,20230526,80.12,87.62,79.65,86.23,80.74,5.490000000000009,6.8,250163.89,2130863.973
688041.SH,20230525,80.94,83.18,76.56,80.74,76.58,4.159999999999997,5.43,190369.63,1524164.317
688041.SH,20230524,76.24,79.41,74.44,76.58,77.02,-0.4399999999999977,-0.57,139345.61,1077687.09
688041.SH,20230523,77.24,78.1,76.07,77.02,77.76,-0.7400000000000091,-0.95,76751.01,592970.914
688041.SH,20230522,79.57,82.99,76.4,77.76,80.64,-2.8799999999999955,-3.57,146977.07,1160538.11
688041.SH,20230519,81.93,87.4,80.64,80.64,81.07,-0.4299999999999926,-0.53,193240.6,1632959.303
688041.SH,20230518,77.75,83.14,77.58,81.07,76.58,4.489999999999995,5.86,213775.88,1729219.272
688041.SH,20230517,73.64,78.14,73.44,76.58,73.93,2.6499999999999915,3.58,154846.82,1187395.278
688041.SH,20230516,75.76,77.14,73.84,73.93,76.26,-2.3299999999999983,-3.06,141433.55,1065248.198
688041.SH,20230515,74.76,76.73,72.27,76.26,74.18,2.0799999999999983,2.8,154714.58,1159290.501
688041.SH,20230512,75.71,77.93,74.18,74.18,75.71,-1.529999999999987,-2.02,131219.97,1000634.745
688041.SH,20230511,77.52,78.7,75.26,75.71,77.24,-1.5300000000000011,-1.98,175264.88,1347356.317
688041.SH,20230510,87.0,89.57,76.56,77.24,88.62,-11.38000000000001,-12.84,332031.66,2692848.16
688041.SH,20230509,88.39,92.7,85.61,88.62,88.38,0.2400000000000091,0.27,173795.48,1560431.221
688041.SH,20230508,91.51,93.9,85.57,88.38,91.95,-3.5700000000000074,-3.88,179655.49,1611961.2
688041.SH,20230505,91.79,98.67,89.02,91.95,91.86,0.09000000000000341,0.1,233364.94,2199261.28
688041.SH,20230504,92.36,94.67,88.63,91.86,93.85,-1.9899999999999949,-2.12,173550.77,1588386.78
688041.SH,20230428,86.73,94.7,86.22,93.85,87.02,6.829999999999998,7.85,271018.82,2487725.121
688041.SH,20230427,89.79,94.7,84.08,87.02,92.19,-5.170000000000002,-5.61,305436.73,2699243.788
688041.SH,20230426,96.69,100.97,88.42,92.19,98.44,-6.25,-6.35,344127.08,3237544.595
688041.SH,20230425,88.72,101.67,86.43,98.44,88.99,9.450000000000003,10.62,386696.37,3722020.982
688041.SH,20230424,91.1,91.45,84.3,88.99,91.1,-2.1099999999999994,-2.32,261434.39,2309277.255
688041.SH,20230421,94.85,94.85,87.9,91.1,96.99,-5.890000000000001,-6.07,303961.02,2793013.28
688041.SH,20230420,93.5,98.19,91.19,96.99,90.26,6.72999999999999,7.46,382320.9,3637961.448
688041.SH,20230419,81.74,98.68,81.74,90.26,82.34,7.920000000000002,9.62,476874.17,4295783.187
688041.SH,20230418,78.75,84.23,75.91,82.34,79.87,2.469999999999999,3.09,305984.42,2491393.153
688041.SH,20230417,76.26,81.24,74.96,79.87,76.79,3.0799999999999983,4.01,239287.1,1883998.038
688041.SH,20230414,77.87,78.2,72.87,76.79,75.98,0.8100000000000023,1.07,256923.58,1958140.56
688041.SH,20230413,80.74,83.68,74.94,75.98,82.43,-6.450000000000003,-7.82,306011.58,2421505.706
688041.SH,20230412,75.15,84.23,73.54,82.43,75.76,6.670000000000002,8.8,394225.3,3141038.543
688041.SH,20230411,75.37,76.77,71.72,75.76,74.56,1.2000000000000028,1.61,284575.04,2138543.412
688041.SH,20230410,80.24,81.37,73.39,74.56,81.39,-6.829999999999998,-8.39,368195.89,2849644.674
688041.SH,20230407,81.81,83.2,79.45,81.39,80.97,0.4200000000000017,0.52,241526.46,1974814.998
688041.SH,20230406,83.11,87.3,80.73,80.97,85.61,-4.640000000000001,-5.42,337335.05,2835303.091
688041.SH,20230404,81.94,90.61,80.54,85.61,84.53,1.0799999999999983,1.28,365989.84,3127354.05
688041.SH,20230403,77.15,86.99,76.06,84.53,76.92,7.609999999999999,9.89,435630.12,3543190.872
688041.SH,20230331,74.76,77.52,71.57,76.92,76.26,0.6599999999999966,0.87,408052.92,3052062.314
688041.SH,20230330,74.92,81.24,73.89,76.26,74.26,2.0,2.69,531661.12,4080936.272
688041.SH,20230329,63.83,77.63,63.8,74.26,64.69,9.570000000000007,14.79,571759.49,4082687.605
688041.SH,20230328,63.95,66.34,62.3,64.69,63.06,1.6299999999999955,2.58,294204.58,1900111.823
688041.SH,20230327,64.99,67.28,60.41,63.06,66.04,-2.980000000000004,-4.51,356218.36,2273438.26
688041.SH,20230324,66.66,67.96,63.6,66.04,65.99,0.05000000000001137,0.08,255660.62,1685270.18
688041.SH,20230323,64.39,70.22,63.6,65.99,65.72,0.269999999999996,0.41,300189.75,1995807.883
688041.SH,20230322,60.98,66.69,59.81,65.72,61.4,4.32,7.04,260101.86,1671458.284
688041.SH,20230321,59.92,63.18,58.8,61.4,60.23,1.1700000000000017,1.94,225306.73,1374975.909
688041.SH,20230320,57.6,62.2,56.74,60.23,57.32,2.9099999999999966,5.08,262599.28,1571529.73
688041.SH,20230317,53.73,59.39,53.55,57.32,52.86,4.460000000000001,8.44,288102.86,1631353.525
688041.SH,20230316,52.7,54.0,52.33,52.86,53.46,-0.6000000000000014,-1.12,88668.95,472129.964
688041.SH,20230315,55.23,55.6,53.33,53.46,54.82,-1.3599999999999994,-2.48,122142.8,666505.061
688041.SH,20230314,52.8,55.82,52.66,54.82,53.38,1.4399999999999977,2.7,189359.35,1034213.16
688041.SH,20230313,51.82,53.63,51.63,53.38,52.18,1.2000000000000028,2.3,115402.51,612110.006
688041.SH,20230310,52.33,53.65,52.18,52.18,52.72,-0.5399999999999991,-1.02,123750.61,657116.017
688041.SH,20230309,52.71,53.77,51.56,52.72,52.99,-0.2700000000000031,-0.51,127566.81,676259.881
688041.SH,20230308,52.14,53.62,52.08,52.99,52.09,0.8999999999999986,1.73,116410.59,616719.759
688041.SH,20230307,54.58,55.1,52.01,52.09,55.21,-3.1199999999999974,-5.65,175923.05,937887.725
688041.SH,20230306,54.72,56.81,54.05,55.21,55.13,0.0799999999999983,0.15,258293.21,1436859.898
688041.SH,20230303,53.92,56.48,50.72,55.13,52.86,2.270000000000003,4.29,354904.48,1920405.993
688041.SH,20230302,52.81,54.18,52.34,52.86,53.33,-0.46999999999999886,-0.88,147567.57,787166.649
688041.SH,20230301,51.24,54.23,51.24,53.33,51.71,1.6199999999999974,3.13,192427.37,1020834.096
688041.SH,20230228,51.44,53.18,50.14,51.71,50.32,1.3900000000000006,2.76,169998.69,880179.863
688041.SH,20230227,51.86,52.52,49.44,50.32,51.86,-1.5399999999999991,-2.97,174936.09,891091.817
688041.SH,20230224,50.84,55.0,50.84,51.86,50.02,1.8399999999999963,3.68,263216.97,1393592.159
688041.SH,20230223,50.16,51.27,49.44,50.02,50.01,0.010000000000005116,0.02,103374.73,521682.392
688041.SH,20230222,49.34,50.81,48.85,50.01,49.83,0.17999999999999972,0.36,100581.81,502752.894
688041.SH,20230221,51.02,52.02,48.85,49.83,51.73,-1.8999999999999986,-3.67,153475.19,773253.646
688041.SH,20230220,48.36,52.31,47.88,51.73,48.28,3.4499999999999957,7.15,195125.88,982466.662
688041.SH,20230217,51.04,51.79,47.85,48.28,51.34,-3.0600000000000023,-5.96,186984.43,925281.356
688041.SH,20230216,54.85,56.5,50.75,51.34,56.03,-4.689999999999998,-8.37,252659.68,1353213.407
688041.SH,20230215,52.99,56.83,51.21,56.03,53.0,3.030000000000001,5.72,252291.76,1370536.043
688041.SH,20230214,53.66,55.18,52.32,53.0,52.35,0.6499999999999986,1.24,199955.12,1074217.965
688041.SH,20230213,50.84,54.55,50.14,52.35,50.43,1.9200000000000017,3.81,228277.18,1199039.592
688041.SH,20230210,52.83,53.33,50.28,50.43,53.34,-2.9100000000000037,-5.46,191748.37,994449.209
688041.SH,20230209,46.84,55.12,46.31,53.34,47.08,6.260000000000005,13.3,256523.46,1315383.5
688041.SH,20230208,49.83,50.62,46.95,47.08,49.5,-2.4200000000000017,-4.89,126116.75,611252.729
688041.SH,20230207,48.25,51.35,48.04,49.5,48.94,0.5600000000000023,1.14,166434.05,827818.557
688041.SH,20230206,47.62,49.86,46.23,48.94,47.53,1.4099999999999966,2.97,223827.02,1083392.537
688041.SH,20230203,45.32,47.55,44.61,47.53,45.63,1.8999999999999986,4.16,138270.56,637991.679
688041.SH,20230202,44.08,46.65,43.97,45.63,43.66,1.970000000000006,4.51,152718.59,696230.606
688041.SH,20230201,42.97,43.74,42.72,43.66,42.87,0.7899999999999991,1.84,65211.0,283660.203
688041.SH,20230131,43.96,44.33,42.49,42.87,44.06,-1.1900000000000048,-2.7,87318.89,377221.707
688041.SH,20230130,45.16,45.45,43.84,44.06,44.84,-0.7800000000000011,-1.74,79538.49,354714.53
688041.SH,20230120,44.5,45.26,44.27,44.84,44.76,0.0800000000000054,0.18,71046.06,318697.189
688041.SH,20230119,41.62,45.3,41.61,44.76,41.86,2.8999999999999986,6.93,150610.08,664804.4
688041.SH,20230118,41.77,42.36,41.0,41.86,41.67,0.18999999999999773,0.46,74886.89,312223.391
688041.SH,20230117,42.34,42.66,40.17,41.67,41.48,0.19000000000000483,0.46,92729.45,387756.03
688041.SH,20230116,40.27,41.75,40.17,41.48,40.49,0.9899999999999949,2.45,67983.06,281434.53
688041.SH,20230113,40.73,41.04,40.07,40.49,40.58,-0.0899999999999963,-0.22,42291.6,171605.164
688041.SH,20230112,41.4,41.46,40.5,40.58,41.36,-0.7800000000000011,-1.89,51126.71,209172.778
688041.SH,20230111,42.03,42.9,41.3,41.36,42.08,-0.7199999999999989,-1.71,54111.56,228692.134
688041.SH,20230110,42.19,43.14,41.9,42.08,41.86,0.21999999999999886,0.53,47600.41,202012.941
688041.SH,20230109,42.24,42.82,41.11,41.86,42.23,-0.36999999999999744,-0.88,56452.96,237664.185
688041.SH,20230106,41.16,43.29,40.88,42.23,41.34,0.8899999999999935,2.15,102367.4,435087.445
688041.SH,20230105,40.88,41.53,40.27,41.34,40.92,0.4200000000000017,1.03,70971.0,291855.194
688041.SH,20230104,42.02,42.74,40.87,40.92,41.89,-0.9699999999999989,-2.32,71271.59,297475.706
688041.SH,20230103,40.67,42.31,40.1,41.89,39.99,1.8999999999999986,4.75,101560.35,421831.598
688041.SH,20221230,40.71,41.05,39.95,39.99,40.47,-0.4799999999999969,-1.19,30358.71,122961.863
688041.SH,20221229,40.47,41.0,39.95,40.47,40.35,0.11999999999999744,0.3,34007.97,138240.049
688041.SH,20221228,41.17,41.17,40.19,40.35,41.2,-0.8500000000000014,-2.06,29042.06,118129.881
688041.SH,20221227,41.09,41.57,40.42,41.2,41.07,0.13000000000000256,0.32,42796.35,176270.018
688041.SH,20221226,39.95,41.43,39.93,41.07,39.95,1.1199999999999974,2.8,46329.77,189889.442
688041.SH,20221223,39.47,40.25,39.12,39.95,39.63,0.3200000000000003,0.81,41748.19,166147.177
688041.SH,20221222,40.67,40.83,39.57,39.63,40.38,-0.75,-1.86,37394.17,150310.932
688041.SH,20221221,41.7,41.71,40.07,40.38,41.7,-1.3200000000000003,-3.17,45783.71,186957.447
688041.SH,20221220,41.83,42.28,41.3,41.7,41.71,-0.00999999999999801,-0.02,36751.07,153829.833
688041.SH,20221219,42.91,43.14,41.47,41.71,42.97,-1.259999999999998,-2.93,48171.18,203037.725
688041.SH,20221216,44.12,44.12,42.71,42.97,44.1,-1.1300000000000026,-2.56,62267.26,269181.068
688041.SH,20221215,44.12,45.48,43.98,44.1,44.47,-0.36999999999999744,-0.83,61142.17,273874.556
688041.SH,20221214,46.27,46.5,44.46,44.47,44.75,-0.28000000000000114,-0.63,68067.94,309861.997
688041.SH,20221213,45.88,46.18,44.66,44.75,46.06,-1.3100000000000023,-2.84,67966.36,307762.781
688041.SH,20221212,45.22,47.2,44.81,46.06,45.6,0.46000000000000085,1.01,89021.93,411998.516
688041.SH,20221209,45.0,46.62,44.9,45.6,45.14,0.46000000000000085,1.02,123363.7,565127.074
688041.SH,20221208,44.86,46.0,44.46,45.14,45.06,0.0799999999999983,0.18,75565.3,343351.316
688041.SH,20221207,44.86,45.59,44.44,45.06,44.93,0.13000000000000256,0.29,69874.22,315216.789
688041.SH,20221206,43.01,46.35,43.01,44.93,43.51,1.4200000000000017,3.26,132443.51,595768.888
688041.SH,20221205,43.74,44.03,42.78,43.51,43.11,0.3999999999999986,0.93,67060.85,291481.629
688041.SH,20221202,42.26,44.36,42.18,43.11,42.57,0.5399999999999991,1.27,95108.21,413982.127
688041.SH,20221201,41.96,43.36,41.83,42.57,41.31,1.259999999999998,3.05,106372.05,454048.685
688041.SH,20221130,42.05,42.17,40.93,41.31,41.99,-0.6799999999999997,-1.62,84755.04,352186.874
688041.SH,20221129,41.72,42.58,41.45,41.99,41.78,0.21000000000000085,0.5,84467.91,356285.617
688041.SH,20221128,42.56,43.45,41.53,41.78,43.32,-1.5399999999999991,-3.55,99617.86,420936.704
688041.SH,20221125,43.46,45.01,42.88,43.32,43.84,-0.5200000000000031,-1.19,79239.05,347969.584
688041.SH,20221124,43.42,44.53,43.28,43.84,43.46,0.38000000000000256,0.87,75566.08,333019.783
688041.SH,20221123,45.43,45.76,41.86,43.46,45.38,-1.9200000000000017,-4.23,146016.65,635739.254
688041.SH,20221122,45.53,46.83,44.86,45.38,45.59,-0.21000000000000085,-0.46,90954.3,419672.224
688041.SH,20221121,44.97,46.24,44.97,45.59,45.6,-0.00999999999999801,-0.02,60457.14,276224.993
688041.SH,20221118,46.36,47.23,45.28,45.6,46.74,-1.1400000000000006,-2.44,90007.89,417400.502
688041.SH,20221117,45.31,47.23,44.56,46.74,45.62,1.1200000000000045,2.46,113833.54,523903.87
688041.SH,20221116,47.8,47.8,45.41,45.62,47.41,-1.7899999999999991,-3.78,119870.54,557343.153
688041.SH,20221115,45.45,48.4,44.99,47.41,45.45,1.9599999999999937,4.31,138275.9,657139.742
688041.SH,20221114,46.53,46.65,44.4,45.45,46.45,-1.0,-2.15,119376.12,540066.211
688041.SH,20221111,47.73,47.75,45.86,46.45,46.1,0.3500000000000014,0.76,143905.87,672521.789
688041.SH,20221110,48.54,49.14,45.94,46.1,49.23,-3.1299999999999955,-6.36,197360.91,933546.96
688041.SH,20221109,46.85,50.21,46.82,49.23,46.88,2.3499999999999943,5.01,259015.82,1272265.032
688041.SH,20221108,43.44,47.98,43.44,46.88,43.45,3.4299999999999997,7.89,319936.67,1472975.056
688041.SH,20221107,43.86,44.11,42.44,43.45,44.2,-0.75,-1.7,191386.19,832188.38
688041.SH,20221104,43.97,44.73,42.96,44.2,44.77,-0.5700000000000003,-1.27,192574.66,846804.672
688041.SH,20221103,44.43,45.32,43.47,44.77,44.44,0.3300000000000054,0.74,181953.28,812521.015
688041.SH,20221102,44.95,46.05,44.07,44.44,44.93,-0.490000000000002,-1.09,183410.68,829035.558
688041.SH,20221101,43.86,46.0,43.75,44.93,44.54,0.39000000000000057,0.88,233739.2,1047777.884
688041.SH,20221031,39.06,46.14,38.99,44.54,38.83,5.710000000000001,14.71,402483.29,1706268.668
688041.SH,20221028,39.13,40.24,38.68,38.83,39.27,-0.44000000000000483,-1.12,213787.5,849788.381
688041.SH,20221027,40.32,40.37,38.56,39.27,39.81,-0.5399999999999991,-1.36,251736.27,992040.058
688041.SH,20221026,38.99,40.17,37.98,39.81,38.77,1.0399999999999991,2.68,231387.19,914894.684
688041.SH,20221025,38.47,39.63,37.64,38.77,38.68,0.09000000000000341,0.23,163500.62,636333.812
688041.SH,20221024,38.23,39.86,38.17,38.68,38.23,0.45000000000000284,1.18,203437.18,797056.346
688041.SH,20221021,38.88,38.88,37.68,38.23,39.57,-1.3400000000000034,-3.39,209235.05,802884.397
688041.SH,20221020,37.28,41.73,37.08,39.57,37.68,1.8900000000000006,5.02,380892.92,1504568.225
688041.SH,20221019,39.36,40.04,37.48,37.68,39.63,-1.9500000000000028,-4.92,214937.81,827730.571
688041.SH,20221018,40.02,40.36,39.22,39.63,40.45,-0.8200000000000003,-2.03,176666.65,703154.618
688041.SH,20221017,37.99,41.07,37.91,40.45,38.8,1.6500000000000057,4.25,314422.74,1243877.315
688041.SH,20221014,39.07,39.33,37.37,38.8,38.68,0.11999999999999744,0.31,264734.53,1023812.555
688041.SH,20221013,37.68,40.51,37.33,38.68,38.43,0.25,0.65,277867.01,1084160.627
688041.SH,20221012,37.07,38.91,36.1,38.43,37.88,0.5499999999999972,1.45,345001.24,1298749.951
688041.SH,20221011,45.82,46.3,37.61,37.88,46.91,-9.029999999999994,-19.25,425147.6,1682176.638
688041.SH,20221010,55.72,55.72,46.91,46.91,58.63,-11.720000000000006,-19.99,171923.03,820001.057
688041.SH,20220930,60.59,61.78,58.62,58.63,60.71,-2.0799999999999983,-3.43,71633.33,430264.403
688041.SH,20220929,58.73,61.38,57.81,60.71,58.0,2.710000000000001,4.67,100620.79,606463.548
688041.SH,20220928,60.61,60.86,57.19,58.0,61.55,-3.549999999999997,-5.77,106874.92,629618.802
688041.SH,20220927,60.11,61.55,57.92,61.55,60.11,1.4399999999999977,2.4,103986.08,623078.362
688041.SH,20220926,60.12,62.16,59.14,60.11,60.93,-0.8200000000000003,-1.35,94317.01,571944.927
688041.SH,20220923,62.59,64.13,60.61,60.93,63.14,-2.210000000000001,-3.5,107188.89,665991.854
688041.SH,20220922,60.39,65.38,60.21,63.14,60.62,2.520000000000003,4.16,115632.34,732528.779
688041.SH,20220921,62.3,62.8,59.87,60.62,62.51,-1.8900000000000006,-3.02,101931.4,626149.854
688041.SH,20220920,63.3,64.67,60.82,62.51,62.67,-0.1600000000000037,-0.26,118990.13,747926.762
688041.SH,20220919,62.4,67.81,61.88,62.67,62.4,0.2700000000000031,0.43,219333.51,1416638.945
688041.SH,20220916,55.71,64.99,55.49,62.4,56.02,6.3799999999999955,11.39,273951.63,1703335.364
688041.SH,20220915,58.32,61.2,55.62,56.02,59.02,-3.0,-5.08,167680.23,978247.438
688041.SH,20220914,54.82,59.3,54.16,59.02,55.63,3.3900000000000006,6.09,140250.63,807139.02
688041.SH,20220913,56.01,58.03,55.4,55.63,55.62,0.010000000000005116,0.02,77997.66,441953.878
688041.SH,20220909,56.83,57.3,54.74,55.62,56.44,-0.8200000000000003,-1.45,67040.55,375469.782
688041.SH,20220908,54.69,57.02,54.34,56.44,54.69,1.75,3.2,127929.81,721847.522
688041.SH,20220907,53.43,57.11,53.13,54.69,53.13,1.5599999999999952,2.94,149131.9,826665.169
688041.SH,20220906,52.78,53.41,51.18,53.13,52.0,1.1300000000000026,2.17,123815.16,649731.42
688041.SH,20220905,54.92,55.44,51.11,52.0,55.92,-3.9200000000000017,-7.01,203277.15,1082191.562
688041.SH,20220902,54.73,59.61,54.73,55.92,54.3,1.6200000000000045,2.98,269763.89,1543447.779
688041.SH,20220901,56.92,59.61,53.68,54.3,50.02,4.279999999999994,8.56,444211.94,2548811.14
688041.SH,20220831,51.83,53.59,49.84,50.02,51.57,-1.5499999999999972,-3.01,121206.06,626793.711
688041.SH,20220830,48.86,52.6,48.76,51.57,48.93,2.6400000000000006,5.4,164271.56,845275.467
688041.SH,20220829,48.88,51.11,48.53,48.93,50.04,-1.1099999999999994,-2.22,116266.38,577106.09
688041.SH,20220826,54.64,55.76,49.84,50.04,55.12,-5.079999999999998,-9.22,213652.87,1117262.543
688041.SH,20220825,58.82,59.11,54.18,55.12,58.56,-3.440000000000005,-5.87,132148.91,738634.614
688041.SH,20220824,59.11,60.77,57.05,58.56,59.68,-1.1199999999999974,-1.88,122857.93,719144.88
688041.SH,20220823,55.75,60.64,55.62,59.68,56.17,3.509999999999998,6.25,216655.93,1282497.748
688041.SH,20220822,53.83,56.78,53.78,56.17,54.09,2.0799999999999983,3.85,171201.14,961875.912
688041.SH,20220819,57.82,58.91,53.85,54.09,57.47,-3.3799999999999955,-5.88,198562.38,1121274.065
688041.SH,20220818,56.84,58.6,55.32,57.47,57.46,0.00999999999999801,0.02,203799.82,1172481.799
688041.SH,20220817,60.16,61.66,56.62,57.46,60.5,-3.039999999999999,-5.02,309650.39,1814533.092
688041.SH,20220816,55.82,61.46,54.83,60.5,56.64,3.8599999999999994,6.81,452262.22,2650930.792
688041.SH,20220815,56.82,60.99,56.52,56.64,59.91,-3.269999999999996,-5.46,594756.3,3509521.338
688041.SH,20220812,69.78,73.56,59.91,59.91,35.89,24.019999999999996,66.93,1191336.25,7864877.72
